-- Script de povoamento

SET SQL_MODE = "NO_AUTO_VALUE_ON_ZERO";
SET AUTOCOMMIT = 0;
START TRANSACTION;
SET time_zone = "+00:00";

USE BOOKSTORE;

INSERT INTO `autor` (`id_autor`, `nome`, `best_seller`) VALUES
(1, 'Edna O\'Brien', 'null'),
(2, 'Larry P.  English', 'null'),
(3, 'Jrgen Habermas', 'null'),
(4, 'Frank Levering', 'null'),
(5, 'Rhonda B. Jeffries', 'null'),
(6, 'Narumi Kakinouchi', 'null'),
(7, 'John Evans', 'null'),
(8, 'P. D. James', 'null'),
(9, 'Collectif', 'null'),
(10, 'Diane Fitzgerald', 'null'),
(11, 'Jennifer Roberson', 'null'),
(12, 'Robert Inman', 'null'),
(13, 'Terry Edge', 'null'),
(14, 'Herrad Schenk', 'null'),
(15, 'Tanith Lee', 'null'),
(16, 'Janisse Ray', 'null'),
(17, 'John Webster', 'null'),
(18, 'Ron Hansen', 'null'),
(19, 'Les Martin', 'null'),
(20, 'John Skipp', 'null'),
(21, 'Dick Eastman', 'null'),
(22, 'Susan Crain Bakos', 'null'),
(23, 'Jose Saramago', 'null'),
(24, 'Vivian Gussin Paley', 'null'),
(25, 'Louis Allen', 'null'),
(26, 'Joe R. Lansdale', 'null'),
(27, 'Leigh Greenwood', 'null'),
(28, 'Lia Matera', 'null'),
(29, 'Jamie Suzanne', 'null'),
(30, 'John D. MacDonald', 'null'),
(31, 'Microsoft Corporation', 'null'),
(32, 'Fred Saberhagen', 'null'),
(33, 'Kay Hooper', 'null'),
(34, 'Judy Christenberry', 'null'),
(35, 'Toni Dwiggins', 'null'),
(36, 'Wendy A. Lewis', 'null'),
(37, 'Claudia Black', 'null'),
(38, 'Elizabeth Hall', 'null'),
(39, 'Mildred D. Taylor', 'null'),
(40, 'Lucianne Goldberg', 'null'),
(41, 'Peter Straub', 'null'),
(42, 'Susan Sizemore', 'null'),
(43, 'J. R. Clark Hall', 'null'),
(44, 'Trina Paulus', 'null'),
(45, 'Jayne Jaudon Ferrer', 'null'),
(46, 'John Cook', 'null'),
(47, 'Elaine Barbieri', 'null'),
(48, 'Vicki Lewis Thompson', 'null'),
(49, 'Colin Forbes', 'null'),
(50, 'David Snowdon', 'null'),
(51, 'Odile Lamourere', 'null'),
(52, 'Joan Elliott', 'null'),
(53, 'Rudyard Kipling', 'null'),
(54, 'Melody Carlson', 'null'),
(55, 'Alan Ridenour', 'null'),
(56, 'Elaine Ranelagh', 'null'),
(57, 'Sarah Ferguson', 'null'),
(58, 'Charles P. Cozic', 'null'),
(59, 'Bruce Vilanch', 'null'),
(60, 'Max Brand', 'null'),
(61, 'Blanche Barton', 'null'),
(62, 'Laurie McBain', 'null'),
(63, 'Nicola West', 'null'),
(64, 'Tom Clancy', 'null'),
(65, 'Michael F. Jacobson', 'null'),
(66, 'Anne Bishop', 'null'),
(67, 'Mildred Carter', 'null'),
(68, 'Carla Stevens', 'null'),
(69, 'Susan Deitz', 'null'),
(70, 'Katie Fforde', 'null'),
(71, 'Conrad Williams', 'null'),
(72, 'Christine Feehan', 'null'),
(73, 'Dale Furutani', 'null'),
(74, 'Gerry Frank', 'null'),
(75, 'Jean-Michel Angebert', 'null'),
(76, 'Gail Godwin', 'null'),
(77, 'Levesque', 'null'),
(78, 'Jennifer Weiner', 'null'),
(79, 'Maurice Sendak', 'null'),
(80, 'Sandra Chastain', 'null'),
(81, 'Jacqueline Wilson', 'null'),
(82, 'Sallyann J. Murphy', 'null'),
(83, 'Ann Maxwell', 'null'),
(84, 'Barbara McMahon', 'null'),
(85, 'Thomas Moore', 'null'),
(86, 'Joyce Carol Oates', 'null'),
(87, 'Shirley Ann Grau', 'null'),
(88, 'Susan Elizabeth Phillips', 'null'),
(89, 'Mark Frutkin', 'null'),
(90, 'John Kasich', 'null'),
(91, 'Ken Kesey', 'null'),
(92, 'Irvin D. Yalom', 'null'),
(93, 'Christine Pevitt', 'null'),
(94, 'Tad W. Guzie', 'null'),
(95, 'Sue Monk Kidd', 'null'),
(96, 'Curt Sanburn', 'null'),
(97, 'Peter Donahue', 'null'),
(98, 'Madeline Baker', 'null'),
(99, 'Morris Lurie', 'null');

INSERT INTO `autoria` (`id_autor`, `cod_produto`) VALUES
(1, 6143140348),
(2, 4992205258),
(3, 9756805663),
(4, 2659269404),
(5, 4770732918),
(6, 9581012805),
(7, 130191017),
(8, 2820775232),
(9, 6259134046),
(10, 4018199984),
(11, 277398727),
(12, 2150346567),
(13, 9555586644),
(14, 9625297493),
(15, 9449319616),
(16, 5669600572),
(17, 3851230370),
(18, 7678191389),
(19, 6591049703),
(20, 3736929495),
(21, 7525207938),
(22, 4497251012),
(23, 2463156001),
(24, 4384847358),
(25, 9626736305),
(26, 4541525159),
(27, 8280300127),
(28, 9771908575),
(29, 9939799201),
(30, 249089257),
(31, 4350170223),
(32, 3128874332),
(33, 3014901660),
(34, 8207616820),
(35, 2201112483),
(36, 606748565),
(37, 8983226209),
(38, 998761815),
(39, 9998071508),
(40, 4093225349),
(41, 1394688986),
(42, 4096567961),
(43, 7820203346),
(44, 7364378948),
(45, 9630744822),
(46, 637491683),
(47, 6779293765),
(48, 4284030867),
(49, 4863178057),
(50, 9379460136),
(51, 2096072620),
(52, 159663631),
(53, 4125623931),
(53, 5555856710),
(54, 4294952774),
(55, 8625073121),
(56, 1454605312),
(57, 4459161740),
(58, 114339635),
(59, 1697423549),
(60, 7579428518),
(61, 8167501671),
(62, 9561419659),
(63, 7998509369),
(64, 6242390631),
(65, 1034950382),
(66, 7818250395),
(67, 7079258966),
(68, 9286801063),
(69, 763991424),
(70, 8378147336),
(71, 9955930099),
(72, 5370924158),
(73, 4571183370),
(74, 4002561367),
(75, 6200949156),
(76, 3234972162),
(77, 8465118766),
(78, 507243849),
(79, 2894209931),
(80, 4104736960),
(81, 9203626015),
(82, 2012386474),
(83, 2144431274),
(84, 7912793441),
(85, 345096647),
(86, 7334322007),
(87, 4915435086),
(88, 7316064667),
(89, 7840654547),
(90, 3325507369),
(91, 6915360237),
(92, 9692839675),
(93, 2467537180),
(94, 1029746000),
(95, 5907684085),
(96, 9458696574),
(97, 2529287909),
(98, 3620244784),
(99, 9546996562);

INSERT INTO `auxiliar` (`cpf`) VALUES
(27195796370),
(32643989740),
(33545728684),
(39361753908),
(53588892303),
(54157172183),
(61435132521),
(64585758232),
(81121549101),
(99146775501);

INSERT INTO `bookstore_filial` (`cnpj_filial`, `nome_fantasia`, `razao_social`, `endereco_cep`, `endereco_num`, `cnpj_matriz`) VALUES
(87672718000293, 'SeeKnowledge 1', 'SeeKnowledge 1', 31744107, 3098, 87672718000102),
(87672718000374, 'SeeKnowledge 2', 'SeeKnowledge 2', 63658019, 7876, 87672718000102),
(87672718000455, 'SeeKnowledge 3', 'SeeKnowledge 3', 98704272, 5804, 87672718000102),
(87672718000536, 'SeeKnowledge 4', 'SeeKnowledge 4', 16703596, 8157, 87672718000102),
(87672718000617, 'SeeKnowledge 5', 'SeeKnowledge 5', 42132309, 1831, 87672718000102);

INSERT INTO `caixa` (`cpf`, `cod_pdv`, `dt_inicio`, `dt_fim`) VALUES
(12443298515, 17929, '2018-01-01', '2021-01-01'),
(13527586792, 27712, '2018-01-01', '2021-01-01'),
(27321879844, 34196, '2018-01-01', '2021-01-01'),
(28122667910, 80481, '2018-01-01', '2021-01-01'),
(34476677371, 88281, '2018-01-01', '2021-01-01'),
(41599157446, 654, '2018-01-01', '2021-01-01'),
(41613766424, 22182, '2018-01-01', '2021-01-01'),
(47613972763, 39595, '2018-01-01', '2021-01-01'),
(47675426266, 10724, '2018-01-01', '2021-01-01'),
(49386979802, 39327, '2018-01-01', '2021-01-01'),
(53645375104, 64743, '2018-01-01', '2021-01-01'),
(54361431213, 34675, '2018-01-01', '2021-01-01'),
(62764248890, 98055, '2018-01-01', '2021-01-01'),
(66657564406, 73023, '2018-01-01', '2021-01-01'),
(66959462800, 90065, '2018-01-01', '2021-01-01'),
(67895247891, 147, '2018-01-01', '2021-01-01'),
(69516164420, 56145, '2018-01-01', '2021-01-01'),
(75646878942, 34642, '2018-01-01', '2021-01-01'),
(77516899356, 61795, '2018-01-01', '2021-01-01'),
(84237111458, 26239, '2018-01-01', '2021-01-01'),
(86636283661, 47859, '2018-01-01', '2021-01-01'),
(86765325913, 31758, '2018-01-01', '2021-01-01'),
(92966355603, 56418, '2018-01-01', '2021-01-01'),
(93542513660, 58428, '2018-01-01', '2021-01-01'),
(95693855880, 12468, '2018-01-01', '2021-01-01');

INSERT INTO `cliente` (`cpf`, `eh_professor`, `status`, `dt_fim_adesao`, `dt_adesao`, `cod_plano`, `pontosFidelidade`, `cnpj_filial`) VALUES
(11142999793, 0, 'normal', '2020-02-10', '2019-04-11', 9541289594, 0, 87672718000455),
(11558337598, 0, 'normal', '2020-10-22', '2019-04-27', 8945263319, 0, 87672718000293),
(11566352681, 0, 'normal', '2020-08-27', '2018-02-26', 6951002541, 0, 87672718000374),
(11724645960, 0, 'normal', '2020-01-15', '2018-06-30', 9581551714, 0, 87672718000536),
(11817332350, 0, 'normal', '2020-04-19', '2019-04-22', 350649427, 0, 87672718000617),
(11852589574, 0, 'normal', '2021-03-26', '2018-05-14', 8101733308, 0, 87672718000374),
(11938133609, 0, 'normal', '2021-11-16', '2019-04-14', 5482378781, 0, 87672718000374),
(12525599845, 0, 'normal', '2020-07-31', '2018-07-13', 3087848511, 0, 87672718000536),
(12532554401, 0, 'normal', '2021-09-19', '2018-01-23', 5204192814, 0, 87672718000617),
(12942447605, 0, 'normal', '2021-01-27', '2018-08-10', 3073911786, 0, 87672718000455),
(12975973896, 0, 'normal', '2020-11-15', '2018-11-14', 9291959235, 0, 87672718000536),
(13663631591, 0, 'normal', '2021-07-30', '2019-05-24', 8530558336, 0, 87672718000536),
(14144781860, 0, 'normal', '2020-12-10', '2018-06-18', 756033934, 0, 87672718000293),
(14375338504, 0, 'normal', '2021-07-12', '2019-12-16', 6678512816, 0, 87672718000455),
(14534698429, 0, 'normal', '2021-03-10', '2018-05-27', 8307298706, 0, 87672718000455),
(14557639429, 0, 'normal', '2021-03-15', '2019-08-11', 6721595877, 0, 87672718000617),
(14754783212, 0, 'normal', '2020-04-30', '2019-04-22', 1740880073, 0, 87672718000455),
(14768333540, 0, 'normal', '2021-07-14', '2018-11-23', 6067172820, 0, 87672718000374),
(14853129731, 0, 'normal', '2021-09-11', '2019-10-27', 9403461071, 0, 87672718000455),
(14917823820, 0, 'normal', '2021-08-29', '2019-05-19', 3785928455, 0, 87672718000374),
(15444489708, 0, 'normal', '2021-03-11', '2018-03-10', 3859510629, 0, 87672718000374),
(15576789288, 0, 'normal', '2020-10-24', '2019-09-22', 1002658233, 0, 87672718000455),
(16588954522, 0, 'normal', '2020-07-12', '2018-10-14', 9717916033, 0, 87672718000293),
(16727297428, 0, 'normal', '2020-03-16', '2018-01-28', 6612650524, 0, 87672718000374),
(17274454650, 0, 'normal', '2020-10-30', '2019-12-16', 953740788, 0, 87672718000617),
(17423927929, 0, 'normal', '2020-11-27', '2018-05-22', 9446430460, 0, 87672718000617),
(17524599544, 0, 'normal', '2020-10-14', '2018-02-19', 4576939107, 0, 87672718000536),
(17785829586, 0, 'normal', '2021-04-24', '2019-04-27', 2085301653, 0, 87672718000536),
(17823186314, 0, 'normal', '2020-07-22', '2018-10-14', 4464500838, 0, 87672718000617),
(18272255642, 0, 'normal', '2021-03-30', '2019-01-26', 3497936800, 0, 87672718000293),
(18565458229, 0, 'normal', '2020-06-24', '2018-05-11', 5213977615, 0, 87672718000455),
(18679658871, 0, 'normal', '2020-06-17', '2019-04-27', 148796698, 0, 87672718000374),
(18737263765, 0, 'normal', '2021-03-15', '2018-09-21', 5644387971, 0, 87672718000536),
(18979191588, 0, 'normal', '2020-03-30', '2019-03-23', 3350875189, 0, 87672718000455),
(19216877626, 0, 'normal', '2020-07-10', '2018-10-12', 4411990175, 0, 87672718000293),
(19414999108, 0, 'normal', '2020-01-16', '2019-03-18', 9493500804, 0, 87672718000617),
(19434144329, 0, 'normal', '2021-07-12', '2019-06-19', 9017215764, 0, 87672718000617),
(19513164365, 0, 'normal', '2021-07-28', '2019-05-21', 2770609437, 0, 87672718000293),
(19848425365, 0, 'normal', '2021-09-14', '2019-03-22', 2854058375, 0, 87672718000536),
(19899777153, 0, 'normal', '2020-02-20', '2019-05-15', 263685000, 0, 87672718000374),
(19952343469, 0, 'normal', '2020-12-21', '2018-11-17', 1362130084, 0, 87672718000374),
(21198399481, 0, 'normal', '2021-08-29', '2019-01-14', 1539984513, 0, 87672718000293),
(21266812709, 0, 'normal', '2021-04-14', '2018-01-20', 9956796451, 0, 87672718000455),
(21441461280, 0, 'normal', '2020-08-18', '2019-01-19', 3753530528, 0, 87672718000374),
(21682624110, 0, 'normal', '2020-12-17', '2018-10-31', 4918614533, 0, 87672718000293),
(21742514502, 0, 'normal', '2020-01-12', '2018-04-27', 1820867344, 0, 87672718000536),
(21925181537, 0, 'normal', '2021-07-24', '2018-10-16', 1488664931, 0, 87672718000455),
(22176723392, 0, 'normal', '2021-12-29', '2019-08-16', 2289861902, 0, 87672718000374),
(22512435423, 0, 'normal', '2020-03-27', '2019-07-22', 6816938503, 0, 87672718000536),
(22573391930, 0, 'normal', '2021-12-20', '2019-02-14', 7909325889, 0, 87672718000455),
(22677993759, 0, 'normal', '2020-08-30', '2019-10-30', 4959073158, 0, 87672718000536),
(22986935524, 0, 'normal', '2020-07-15', '2018-06-16', 1374209458, 0, 87672718000455),
(23312422400, 0, 'normal', '2020-06-27', '2018-08-14', 4682587336, 0, 87672718000374),
(23317981334, 0, 'normal', '2021-05-31', '2018-06-23', 4983977049, 0, 87672718000293),
(23436919322, 0, 'normal', '2021-10-13', '2018-03-14', 9544906127, 0, 87672718000293),
(23631466110, 0, 'normal', '2020-10-11', '2019-10-17', 386805165, 0, 87672718000455),
(23766749641, 0, 'normal', '2021-03-18', '2019-12-27', 8881631477, 0, 87672718000374),
(23771296501, 0, 'normal', '2020-04-30', '2019-08-23', 8243770273, 0, 87672718000293),
(24753921506, 0, 'normal', '2020-12-25', '2018-05-31', 432526304, 0, 87672718000293),
(24771313113, 0, 'normal', '2021-03-23', '2018-01-24', 7991994829, 0, 87672718000536),
(24888487359, 0, 'normal', '2021-04-14', '2018-04-18', 1805501622, 0, 87672718000374),
(24968783973, 0, 'normal', '2020-12-28', '2019-09-25', 2541355680, 0, 87672718000536),
(25313455664, 0, 'normal', '2021-12-17', '2018-07-16', 7410130682, 0, 87672718000617),
(25588613520, 0, 'normal', '2020-10-17', '2019-05-24', 8200511562, 0, 87672718000293),
(25674725179, 0, 'normal', '2021-06-12', '2018-05-27', 8675694943, 0, 87672718000455),
(26258155669, 0, 'normal', '2021-08-12', '2019-07-26', 6350330780, 0, 87672718000293),
(26375455260, 0, 'normal', '2020-04-13', '2019-03-11', 9775838749, 0, 87672718000293),
(26512727525, 0, 'normal', '2021-12-27', '2018-12-22', 4202982867, 0, 87672718000536),
(27244422296, 0, 'normal', '2020-01-16', '2018-08-10', 2998632225, 0, 87672718000455),
(27434827378, 0, 'normal', '2020-12-20', '2019-04-15', 1481666568, 0, 87672718000374),
(27483792337, 0, 'normal', '2020-09-14', '2018-12-26', 392867236, 0, 87672718000455),
(27536634323, 0, 'normal', '2021-06-30', '2018-08-27', 8430500638, 0, 87672718000455),
(27683742538, 0, 'normal', '2020-06-28', '2019-07-22', 1348789095, 0, 87672718000536),
(27742453622, 0, 'normal', '2020-09-12', '2019-05-14', 9964326394, 0, 87672718000293),
(27818828524, 0, 'normal', '2021-07-21', '2019-05-31', 9978234018, 0, 87672718000455),
(27857756270, 0, 'normal', '2020-10-31', '2018-11-30', 9785167551, 0, 87672718000293),
(28541475379, 0, 'normal', '2021-01-14', '2019-04-11', 4342390187, 0, 87672718000536),
(28647617932, 0, 'normal', '2021-10-11', '2018-04-22', 3152374663, 0, 87672718000455),
(28664962804, 0, 'normal', '2020-10-13', '2019-10-28', 6532392085, 0, 87672718000374),
(28915494652, 0, 'normal', '2021-04-10', '2018-06-27', 7393197892, 0, 87672718000536),
(28945852417, 0, 'normal', '2020-02-19', '2018-08-22', 583976889, 0, 87672718000374),
(29291243698, 0, 'normal', '2020-03-27', '2018-09-28', 5799369151, 0, 87672718000617),
(29449773424, 0, 'normal', '2021-02-10', '2018-08-29', 6075048663, 0, 87672718000536),
(29563742737, 0, 'normal', '2020-01-10', '2018-08-17', 4053446960, 0, 87672718000617),
(29599945409, 0, 'normal', '2020-10-19', '2018-08-28', 2625839408, 0, 87672718000293),
(29648376867, 0, 'normal', '2021-05-22', '2018-03-20', 4645614065, 0, 87672718000617),
(29688369438, 0, 'normal', '2020-07-12', '2018-05-21', 6512459146, 0, 87672718000455),
(29728197306, 0, 'normal', '2020-04-28', '2019-03-13', 1792429658, 0, 87672718000455),
(29762357833, 0, 'normal', '2020-12-12', '2019-09-14', 7482431931, 0, 87672718000455),
(29956198854, 0, 'normal', '2020-10-24', '2019-12-24', 8616020528, 0, 87672718000293),
(31232169340, 0, 'normal', '2021-03-23', '2018-02-16', 245081704, 0, 87672718000293),
(31261285646, 0, 'normal', '2021-12-25', '2018-02-21', 5708498228, 0, 87672718000536),
(31539776239, 0, 'normal', '2021-11-22', '2019-10-26', 8408021095, 0, 87672718000455),
(31598469975, 0, 'normal', '2020-10-10', '2018-08-30', 3438225961, 0, 87672718000374),
(31668263947, 0, 'normal', '2021-02-26', '2019-09-19', 8600224403, 0, 87672718000536),
(31749539950, 0, 'normal', '2020-08-16', '2018-07-17', 2860737052, 0, 87672718000617),
(31759539805, 0, 'normal', '2021-09-16', '2019-07-28', 6251775552, 0, 87672718000455),
(31837565600, 0, 'normal', '2020-06-16', '2019-02-12', 773703338, 0, 87672718000293),
(32246133270, 0, 'normal', '2021-05-26', '2019-01-24', 9112021853, 0, 87672718000293),
(32353143857, 0, 'normal', '2020-08-10', '2018-12-14', 9853490784, 0, 87672718000293),
(32534419706, 0, 'normal', '2020-10-18', '2018-08-19', 9749573215, 0, 87672718000617),
(33356232150, 0, 'normal', '2020-10-22', '2019-04-14', 6411140519, 0, 87672718000455),
(33365839348, 0, 'normal', '2021-10-30', '2018-05-25', 2954610097, 0, 87672718000293),
(33536624308, 0, 'normal', '2020-05-18', '2019-01-15', 5615134088, 0, 87672718000455),
(33656656339, 0, 'normal', '2021-11-23', '2018-05-23', 942289664, 0, 87672718000536),
(33784113176, 0, 'normal', '2021-06-13', '2018-09-12', 4545683612, 0, 87672718000536),
(33883399108, 0, 'normal', '2020-10-14', '2019-07-13', 4689032640, 0, 87672718000617),
(34127562455, 0, 'normal', '2020-09-28', '2019-03-15', 9475469125, 0, 87672718000374),
(34329674548, 0, 'normal', '2021-10-18', '2018-04-28', 3889290164, 0, 87672718000293),
(34615255616, 0, 'normal', '2021-12-27', '2018-03-14', 1456332903, 0, 87672718000455),
(34831967904, 0, 'normal', '2021-11-27', '2018-01-14', 8629206500, 0, 87672718000536),
(34855945390, 0, 'normal', '2020-05-18', '2019-03-22', 4814120764, 0, 87672718000374),
(35231637149, 0, 'normal', '2021-01-10', '2018-03-29', 3847153131, 0, 87672718000536),
(35414954720, 0, 'normal', '2020-05-21', '2019-10-14', 9847544529, 0, 87672718000374),
(35827763365, 0, 'normal', '2020-12-17', '2019-10-28', 6146421060, 0, 87672718000293),
(36121581476, 0, 'normal', '2021-01-29', '2019-09-28', 7007320369, 0, 87672718000374),
(36677257363, 0, 'normal', '2020-09-26', '2018-01-11', 2161746666, 0, 87672718000617),
(36968461714, 0, 'normal', '2020-03-15', '2019-08-21', 1859581194, 0, 87672718000374),
(37319195593, 0, 'normal', '2021-04-28', '2018-11-13', 5151560891, 0, 87672718000293),
(37356517809, 0, 'normal', '2021-05-11', '2019-10-13', 4124550275, 0, 87672718000536),
(37419759820, 0, 'normal', '2021-12-11', '2018-04-18', 8838421737, 0, 87672718000455),
(37714321628, 0, 'normal', '2021-03-18', '2018-12-31', 7739901310, 0, 87672718000374),
(38368757568, 0, 'normal', '2020-03-20', '2019-07-20', 4931869728, 0, 87672718000536),
(38447948595, 0, 'normal', '2020-02-10', '2018-08-23', 2326311590, 0, 87672718000617),
(38463957579, 0, 'normal', '2021-06-17', '2019-02-15', 8564257759, 0, 87672718000536),
(38627412731, 0, 'normal', '2020-11-10', '2018-09-12', 7846452708, 0, 87672718000455),
(38698691439, 0, 'normal', '2020-11-22', '2018-07-17', 479947308, 0, 87672718000293),
(39171476610, 0, 'normal', '2020-04-27', '2019-07-12', 771674281, 0, 87672718000293),
(39455859459, 0, 'normal', '2020-05-15', '2018-04-28', 1991646162, 0, 87672718000455),
(39463772979, 0, 'normal', '2021-05-16', '2019-01-29', 9903537426, 0, 87672718000617),
(39686759670, 0, 'normal', '2020-06-19', '2019-05-27', 7683952506, 0, 87672718000455),
(39757377864, 0, 'normal', '2020-12-29', '2018-10-12', 8037131901, 0, 87672718000617),
(39866138895, 0, 'normal', '2020-05-18', '2018-03-19', 8655275777, 0, 87672718000293),
(41336214414, 0, 'normal', '2020-10-15', '2018-10-12', 6998894256, 0, 87672718000617),
(41379567580, 0, 'normal', '2020-04-25', '2018-09-22', 3510921684, 0, 87672718000617),
(42433859557, 0, 'normal', '2020-12-23', '2018-02-23', 1046468153, 0, 87672718000374),
(42614617571, 0, 'normal', '2020-05-11', '2019-11-10', 4753026869, 0, 87672718000293),
(42752731507, 0, 'normal', '2020-02-27', '2019-11-13', 1816637884, 0, 87672718000455),
(42788851138, 0, 'normal', '2021-12-10', '2018-03-11', 836791429, 0, 87672718000455),
(42814195190, 0, 'normal', '2020-06-22', '2018-02-18', 6002751384, 0, 87672718000617),
(43181859583, 0, 'normal', '2020-07-22', '2018-12-27', 82146642, 0, 87672718000293),
(43226368290, 0, 'normal', '2021-10-25', '2018-01-12', 3724894808, 0, 87672718000536),
(43471895671, 0, 'normal', '2020-11-21', '2018-07-31', 7557175311, 0, 87672718000536),
(43534654579, 0, 'normal', '2020-06-26', '2019-02-27', 6534148562, 0, 87672718000293),
(43632631999, 0, 'normal', '2021-12-14', '2019-06-15', 5141294806, 0, 87672718000617),
(43797758103, 0, 'normal', '2020-06-30', '2018-05-19', 3844742782, 0, 87672718000455),
(43924817510, 0, 'normal', '2021-09-16', '2018-07-26', 815069909, 0, 87672718000455),
(43951382848, 0, 'normal', '2021-10-18', '2018-03-18', 7119808905, 0, 87672718000374),
(43956337301, 0, 'normal', '2021-03-23', '2019-09-26', 1383624000, 0, 87672718000374),
(44536732640, 0, 'normal', '2021-11-17', '2018-06-28', 8546336558, 0, 87672718000374),
(44728781518, 0, 'normal', '2021-02-18', '2018-09-24', 6496736486, 0, 87672718000293),
(44834317900, 0, 'normal', '2021-01-11', '2019-10-21', 5586105850, 0, 87672718000293),
(44866198117, 0, 'normal', '2021-05-16', '2019-07-12', 7413575828, 0, 87672718000293),
(44899651171, 0, 'normal', '2021-10-16', '2018-05-17', 5839951206, 0, 87672718000536),
(45571752602, 0, 'normal', '2021-05-12', '2018-01-15', 5929928739, 0, 87672718000617),
(45669332105, 0, 'normal', '2020-11-18', '2019-09-11', 5920756694, 0, 87672718000455),
(45695894131, 0, 'normal', '2021-12-17', '2018-09-17', 5245620448, 0, 87672718000536),
(46176567904, 0, 'normal', '2021-01-30', '2018-11-18', 5793357978, 0, 87672718000293),
(46191567952, 0, 'normal', '2021-08-19', '2019-06-14', 9677521139, 0, 87672718000455),
(46979898566, 0, 'normal', '2021-07-24', '2019-04-30', 9887775331, 0, 87672718000374),
(47234613536, 0, 'normal', '2021-01-21', '2018-12-12', 441925957, 0, 87672718000617),
(47426481530, 0, 'normal', '2021-03-17', '2019-09-10', 4129081201, 0, 87672718000536),
(47513296774, 0, 'normal', '2020-04-30', '2019-08-24', 4772840436, 0, 87672718000617),
(47578853341, 0, 'normal', '2021-10-26', '2018-06-16', 6987881502, 0, 87672718000293),
(47696517325, 0, 'normal', '2020-11-17', '2019-08-30', 5204611970, 0, 87672718000293),
(48559426264, 0, 'normal', '2021-09-21', '2018-05-23', 229032597, 0, 87672718000617),
(48791852560, 0, 'normal', '2021-04-18', '2019-03-21', 8723946919, 0, 87672718000374),
(48972279412, 0, 'normal', '2020-07-24', '2019-04-11', 5130922666, 0, 87672718000374),
(49242972592, 0, 'normal', '2020-11-18', '2019-03-22', 8533430122, 0, 87672718000536),
(49329915841, 0, 'normal', '2021-02-22', '2018-07-30', 3141309268, 0, 87672718000617),
(49525377229, 0, 'normal', '2020-07-27', '2019-05-22', 255386248, 0, 87672718000374),
(49666731517, 0, 'normal', '2021-09-10', '2019-05-24', 9112575859, 0, 87672718000455),
(49732674652, 0, 'normal', '2021-02-12', '2018-04-25', 9670826403, 0, 87672718000617),
(49916365318, 0, 'normal', '2021-11-19', '2018-11-14', 8874558452, 0, 87672718000374),
(51878367730, 0, 'normal', '2020-12-23', '2019-06-27', 5393213171, 0, 87672718000374),
(51912217880, 0, 'normal', '2021-04-25', '2019-11-26', 8107864428, 0, 87672718000536),
(51919633774, 0, 'normal', '2020-04-24', '2019-12-21', 7346891071, 0, 87672718000536),
(51982717130, 0, 'normal', '2021-10-21', '2018-01-21', 3913986534, 0, 87672718000374),
(52239897406, 0, 'normal', '2021-03-20', '2018-09-18', 454876614, 0, 87672718000374),
(52416184733, 0, 'normal', '2021-02-11', '2019-01-24', 6732850689, 0, 87672718000374),
(52645372597, 0, 'normal', '2020-11-25', '2018-07-31', 3014226160, 0, 87672718000536),
(52679133595, 0, 'normal', '2021-06-30', '2019-11-28', 9721757986, 0, 87672718000617),
(53215231697, 0, 'normal', '2021-01-15', '2018-01-24', 100063533, 0, 87672718000617),
(53327121389, 0, 'normal', '2020-06-27', '2019-12-11', 1380794605, 0, 87672718000455),
(53368168339, 0, 'normal', '2021-12-17', '2018-05-10', 6475249810, 0, 87672718000374),
(53798664927, 0, 'normal', '2020-09-19', '2018-05-16', 5326721370, 0, 87672718000617),
(53834345342, 0, 'normal', '2020-11-17', '2019-08-18', 7592569024, 0, 87672718000536),
(53955547507, 0, 'normal', '2020-05-28', '2018-10-18', 8446721972, 0, 87672718000293),
(54118154790, 0, 'normal', '2021-09-30', '2019-09-17', 1931008403, 0, 87672718000374),
(54193316599, 0, 'normal', '2021-05-22', '2019-08-26', 484859786, 0, 87672718000293),
(54229441860, 0, 'normal', '2021-10-27', '2019-08-19', 4389427656, 0, 87672718000536),
(54493745428, 0, 'normal', '2021-06-21', '2019-12-22', 2039481602, 0, 87672718000374),
(54574766506, 0, 'normal', '2020-02-12', '2018-07-30', 868078280, 0, 87672718000293),
(54634412276, 0, 'normal', '2020-02-23', '2019-06-11', 6727077628, 0, 87672718000293),
(54838682697, 0, 'normal', '2021-04-17', '2018-10-17', 2371041659, 0, 87672718000293),
(54897353416, 0, 'normal', '2020-01-26', '2018-06-16', 889307049, 0, 87672718000293),
(55174728772, 0, 'normal', '2020-05-31', '2018-03-24', 1558710544, 0, 87672718000617),
(55251613385, 0, 'normal', '2020-06-13', '2018-05-30', 5800367123, 0, 87672718000293),
(55412922988, 0, 'normal', '2020-01-16', '2018-07-27', 7860485168, 0, 87672718000455),
(55472695732, 0, 'normal', '2020-09-25', '2018-05-16', 9978075779, 0, 87672718000455),
(55761982552, 0, 'normal', '2020-11-16', '2018-11-21', 4635178177, 0, 87672718000293),
(55942949450, 0, 'normal', '2020-03-21', '2019-08-31', 5569047818, 0, 87672718000455),
(55957591432, 0, 'normal', '2020-01-25', '2019-12-19', 5515853623, 0, 87672718000374),
(55992154310, 0, 'normal', '2020-07-21', '2018-06-25', 985632984, 0, 87672718000455),
(56113384373, 0, 'normal', '2021-06-14', '2019-01-15', 3950188148, 0, 87672718000374),
(56241472100, 0, 'normal', '2020-09-25', '2018-12-10', 704056400, 0, 87672718000293),
(56283717349, 0, 'normal', '2021-06-12', '2018-08-19', 3116211358, 0, 87672718000374),
(56361536270, 0, 'normal', '2020-01-18', '2018-03-15', 8407733990, 0, 87672718000536),
(56446935110, 0, 'normal', '2020-04-25', '2019-11-19', 6158562042, 0, 87672718000536),
(56934977203, 0, 'normal', '2021-11-17', '2019-09-23', 7422038216, 0, 87672718000374),
(56965277874, 0, 'normal', '2020-04-26', '2018-11-23', 788057195, 0, 87672718000536),
(57284188480, 0, 'normal', '2020-10-28', '2019-08-21', 9043094595, 0, 87672718000293),
(57622598542, 0, 'normal', '2021-09-16', '2018-11-13', 4351078395, 0, 87672718000455),
(57769818400, 0, 'normal', '2020-05-17', '2018-10-11', 9387059612, 0, 87672718000374),
(57932582806, 0, 'normal', '2020-08-20', '2019-07-31', 1631320513, 0, 87672718000455),
(57969273106, 0, 'normal', '2020-12-17', '2019-03-14', 2749194131, 0, 87672718000536),
(57983916809, 0, 'normal', '2021-04-19', '2018-01-15', 6404615554, 0, 87672718000293),
(58384162115, 0, 'normal', '2021-12-25', '2018-09-29', 5343265384, 0, 87672718000617),
(58411321649, 0, 'normal', '2020-07-30', '2019-03-26', 7948814020, 0, 87672718000374),
(58693217607, 0, 'normal', '2020-11-13', '2018-11-29', 7947439637, 0, 87672718000536),
(58775657961, 0, 'normal', '2021-05-30', '2019-10-24', 9496076968, 0, 87672718000293),
(59439875500, 0, 'normal', '2021-10-19', '2018-08-29', 5708822342, 0, 87672718000455),
(59533737913, 0, 'normal', '2020-09-28', '2019-07-22', 6839546012, 0, 87672718000374),
(59576249937, 0, 'normal', '2021-07-29', '2019-08-25', 350133912, 0, 87672718000293),
(59746769715, 0, 'normal', '2021-09-12', '2019-04-17', 3890752809, 0, 87672718000374),
(59785368998, 0, 'normal', '2020-08-13', '2018-07-20', 6315550201, 0, 87672718000455),
(59815764217, 0, 'normal', '2020-11-29', '2018-02-20', 4610349382, 0, 87672718000536),
(59868633214, 0, 'normal', '2021-04-10', '2019-04-30', 26723976, 0, 87672718000374),
(61175511420, 0, 'normal', '2020-06-24', '2018-04-24', 92269830, 0, 87672718000455),
(61324389630, 0, 'normal', '2021-11-10', '2019-03-14', 4569764610, 0, 87672718000455),
(61381221785, 0, 'normal', '2021-09-27', '2019-04-19', 9220164292, 0, 87672718000536),
(61461316448, 0, 'normal', '2020-06-25', '2018-09-14', 4275099735, 0, 87672718000617),
(61788315600, 0, 'normal', '2020-08-20', '2018-04-23', 8780108040, 0, 87672718000536),
(61828718734, 0, 'normal', '2021-09-23', '2019-10-22', 6235868777, 0, 87672718000293),
(61889746746, 0, 'normal', '2021-03-24', '2018-01-11', 2731771395, 0, 87672718000374),
(62456193431, 0, 'normal', '2020-07-26', '2019-11-15', 1458532049, 0, 87672718000374),
(62719978213, 0, 'normal', '2021-07-11', '2019-01-15', 7688187251, 0, 87672718000293),
(62741474974, 0, 'normal', '2020-07-20', '2019-08-15', 5678816831, 0, 87672718000617),
(62833754302, 0, 'normal', '2021-01-24', '2019-10-22', 7030348615, 0, 87672718000455),
(62957254492, 0, 'normal', '2020-03-17', '2018-01-17', 9330759157, 0, 87672718000536),
(63145438190, 0, 'normal', '2020-07-16', '2019-07-29', 5370973116, 0, 87672718000374),
(63319651900, 0, 'normal', '2021-06-22', '2019-04-24', 6525977161, 0, 87672718000455),
(63432763352, 0, 'normal', '2021-02-15', '2018-08-15', 4848590654, 0, 87672718000293),
(63516337613, 0, 'normal', '2021-04-21', '2019-02-21', 4662794028, 0, 87672718000293),
(64247733397, 0, 'normal', '2021-12-21', '2019-02-22', 6056346276, 0, 87672718000374),
(64273594285, 0, 'normal', '2021-04-24', '2019-03-17', 3512105271, 0, 87672718000536),
(64626773923, 0, 'normal', '2020-04-27', '2018-04-16', 673643055, 0, 87672718000617),
(64853126767, 0, 'normal', '2020-10-18', '2019-10-20', 9529363452, 0, 87672718000536),
(65352318877, 0, 'normal', '2021-08-17', '2018-05-17', 9619645034, 0, 87672718000374),
(65396626534, 0, 'normal', '2020-10-27', '2018-11-18', 7022771013, 0, 87672718000455),
(65546978708, 0, 'normal', '2020-01-21', '2018-02-26', 8721105966, 0, 87672718000293),
(66586525110, 0, 'normal', '2020-02-24', '2018-09-14', 2374733738, 0, 87672718000293),
(66715131201, 0, 'normal', '2021-07-30', '2018-07-16', 4407959068, 0, 87672718000455),
(66875773449, 0, 'normal', '2021-09-16', '2018-08-12', 9452890141, 0, 87672718000536),
(66878986478, 0, 'normal', '2021-09-25', '2019-04-30', 7334430101, 0, 87672718000536),
(66889457897, 0, 'normal', '2020-04-13', '2019-08-23', 1535038636, 0, 87672718000293),
(67243691935, 0, 'normal', '2021-05-10', '2018-08-31', 680797408, 0, 87672718000455),
(68518833841, 0, 'normal', '2021-02-19', '2018-03-17', 5761865599, 0, 87672718000536),
(68554175158, 0, 'normal', '2020-12-15', '2018-02-21', 5482097694, 0, 87672718000536),
(68641684760, 0, 'normal', '2020-05-19', '2018-03-12', 35786666, 0, 87672718000293),
(68757217670, 0, 'normal', '2020-08-11', '2019-11-18', 9521963379, 0, 87672718000617),
(68969776982, 0, 'normal', '2020-01-11', '2018-12-19', 5230190577, 0, 87672718000293),
(69247879752, 0, 'normal', '2021-03-15', '2018-05-12', 3620813510, 0, 87672718000536),
(69267634291, 0, 'normal', '2021-06-30', '2019-06-18', 6709622668, 0, 87672718000536),
(69948239628, 0, 'normal', '2020-08-17', '2018-05-11', 9248407709, 0, 87672718000374),
(69988829558, 0, 'normal', '2020-05-14', '2019-09-15', 6640833518, 0, 87672718000536),
(71482543702, 0, 'normal', '2021-03-31', '2019-11-12', 9802564932, 0, 87672718000293),
(71488527490, 0, 'normal', '2020-03-12', '2018-02-23', 6423445002, 0, 87672718000374),
(72167475934, 0, 'normal', '2021-07-11', '2018-11-20', 7185386673, 0, 87672718000374),
(72365951520, 0, 'normal', '2020-11-12', '2019-02-20', 2349959933, 0, 87672718000374),
(72393743944, 0, 'normal', '2021-08-16', '2018-01-26', 2732140427, 0, 87672718000536),
(72428746456, 0, 'normal', '2021-11-11', '2018-12-13', 5656400295, 0, 87672718000536),
(72564158692, 0, 'normal', '2020-12-11', '2019-02-27', 8959404325, 0, 87672718000293),
(72788791674, 0, 'normal', '2020-01-23', '2019-06-26', 8860929417, 0, 87672718000374),
(72823839100, 0, 'normal', '2021-06-15', '2018-04-21', 9826440201, 0, 87672718000617),
(73233386974, 0, 'normal', '2021-09-10', '2018-09-10', 1821432286, 0, 87672718000293),
(73259177752, 0, 'normal', '2021-05-14', '2019-10-21', 8789442887, 0, 87672718000374),
(73351285795, 0, 'normal', '2021-08-13', '2018-10-15', 8758180583, 0, 87672718000536),
(73718233622, 0, 'normal', '2020-03-18', '2019-02-11', 7826905290, 0, 87672718000455),
(74124299494, 0, 'normal', '2021-05-21', '2018-06-21', 6641855738, 0, 87672718000455),
(74332119851, 0, 'normal', '2021-06-30', '2018-01-20', 4835530471, 0, 87672718000536),
(74393844157, 0, 'normal', '2020-05-29', '2018-07-21', 5937500666, 0, 87672718000293),
(74584466920, 0, 'normal', '2020-10-19', '2019-10-13', 8325680587, 0, 87672718000374),
(74641845999, 0, 'normal', '2020-05-10', '2019-06-11', 6487152735, 0, 87672718000293),
(74684658279, 0, 'normal', '2020-06-15', '2018-05-23', 1721666532, 0, 87672718000455),
(74777385639, 0, 'normal', '2020-09-15', '2019-11-12', 3185078362, 0, 87672718000617),
(75143747104, 0, 'normal', '2021-11-24', '2018-12-18', 5889214734, 0, 87672718000536),
(75215782954, 0, 'normal', '2020-01-12', '2018-02-25', 8919966688, 0, 87672718000617),
(75277451692, 0, 'normal', '2021-10-24', '2019-07-27', 7543776966, 0, 87672718000536),
(75322756396, 0, 'normal', '2021-02-13', '2019-09-10', 7373277463, 0, 87672718000455),
(75344481667, 0, 'normal', '2020-07-17', '2018-08-29', 2689346823, 0, 87672718000536),
(75429563960, 0, 'normal', '2020-02-20', '2018-10-27', 6664630265, 0, 87672718000536),
(75434586832, 0, 'normal', '2020-04-11', '2019-01-29', 2464358486, 0, 87672718000536),
(75517519989, 0, 'normal', '2021-12-11', '2019-11-11', 6730803812, 0, 87672718000455),
(75623726402, 0, 'normal', '2021-12-25', '2019-03-24', 1010890843, 0, 87672718000617),
(75889164198, 0, 'normal', '2020-10-16', '2018-07-25', 6026643114, 0, 87672718000374),
(76697268220, 0, 'normal', '2021-01-27', '2018-12-27', 5293250952, 0, 87672718000293),
(77152112819, 0, 'normal', '2021-12-16', '2019-04-19', 2960461863, 0, 87672718000617),
(77219122454, 0, 'normal', '2021-04-23', '2018-04-24', 5046318092, 0, 87672718000455),
(77261584258, 0, 'normal', '2020-09-26', '2018-09-20', 4662788683, 0, 87672718000293),
(77292565417, 0, 'normal', '2020-01-25', '2018-04-20', 1888121711, 0, 87672718000617),
(77343674706, 0, 'normal', '2020-10-22', '2019-10-15', 5119757033, 0, 87672718000374),
(77429829864, 0, 'normal', '2020-10-30', '2018-08-14', 6753148793, 0, 87672718000455),
(77434759801, 0, 'normal', '2020-03-28', '2018-02-25', 1025210938, 0, 87672718000455),
(77552169346, 0, 'normal', '2021-06-11', '2019-07-19', 1820589316, 0, 87672718000293),
(77681558829, 0, 'normal', '2020-09-12', '2019-04-29', 2563992713, 0, 87672718000374),
(77915325574, 0, 'normal', '2021-05-11', '2018-11-17', 7756225306, 0, 87672718000536),
(77967169905, 0, 'normal', '2020-01-18', '2018-03-27', 9970275522, 0, 87672718000374),
(78773613517, 0, 'normal', '2020-10-11', '2019-10-23', 8692876703, 0, 87672718000374),
(78781381840, 0, 'normal', '2021-06-23', '2018-04-25', 8757050291, 0, 87672718000617),
(78984347140, 0, 'normal', '2021-01-10', '2019-04-26', 2485508998, 0, 87672718000536),
(79488239646, 0, 'normal', '2020-09-18', '2019-08-26', 6751217008, 0, 87672718000536),
(79739899862, 0, 'normal', '2021-02-20', '2019-06-16', 6356379569, 0, 87672718000536),
(79762679903, 0, 'normal', '2021-07-16', '2019-09-30', 9125385005, 0, 87672718000293),
(79787964342, 0, 'normal', '2021-03-19', '2018-06-13', 5475203444, 0, 87672718000536),
(79814211605, 0, 'normal', '2021-06-10', '2019-04-14', 2093364972, 0, 87672718000617),
(79957748858, 0, 'normal', '2021-04-28', '2018-05-16', 7737743810, 0, 87672718000374),
(81699684618, 0, 'normal', '2020-09-28', '2018-09-30', 7321255973, 0, 87672718000617),
(81772367176, 0, 'normal', '2021-09-28', '2018-11-26', 2383459979, 0, 87672718000374),
(81772672726, 0, 'normal', '2021-08-19', '2019-04-29', 9131399167, 0, 87672718000455),
(81978438567, 0, 'normal', '2020-07-14', '2019-02-16', 8154980302, 0, 87672718000536),
(82248868910, 0, 'normal', '2021-10-26', '2019-04-25', 9344172189, 0, 87672718000374),
(82327521220, 0, 'normal', '2020-09-17', '2019-02-14', 2334532230, 0, 87672718000617),
(82445779758, 0, 'normal', '2020-12-21', '2018-08-29', 8723727814, 0, 87672718000293),
(82484736940, 0, 'normal', '2020-07-11', '2018-06-20', 6815311038, 0, 87672718000617),
(82485388695, 0, 'normal', '2020-01-22', '2019-09-28', 3578549242, 0, 87672718000536),
(82544613505, 0, 'normal', '2021-02-28', '2018-05-18', 5478097184, 0, 87672718000455),
(82824323930, 0, 'normal', '2020-04-10', '2018-12-25', 4771600687, 0, 87672718000617),
(82892378559, 0, 'normal', '2020-03-31', '2019-02-25', 5137061884, 0, 87672718000455),
(83164818203, 0, 'normal', '2021-03-13', '2018-06-26', 7591856254, 0, 87672718000374),
(83532676834, 0, 'normal', '2020-01-25', '2018-12-14', 8182855625, 0, 87672718000374),
(83547252784, 0, 'normal', '2020-11-30', '2019-08-12', 376095749, 0, 87672718000536),
(83575686106, 0, 'normal', '2021-06-23', '2018-03-24', 7337634710, 0, 87672718000455),
(83612442805, 0, 'normal', '2020-03-27', '2018-10-22', 5623937866, 0, 87672718000293),
(83667343400, 0, 'normal', '2021-02-10', '2018-03-12', 3387430269, 0, 87672718000374),
(83833751231, 0, 'normal', '2020-11-15', '2018-10-27', 7480950090, 0, 87672718000374),
(84219716971, 0, 'normal', '2020-08-22', '2019-10-31', 545795437, 0, 87672718000617),
(84747296883, 0, 'normal', '2020-07-29', '2019-02-25', 8720203288, 0, 87672718000536),
(84779442532, 0, 'normal', '2021-02-12', '2018-05-20', 7931393501, 0, 87672718000293),
(84834825507, 0, 'normal', '2021-10-13', '2018-12-15', 4923931663, 0, 87672718000455),
(85211281500, 0, 'normal', '2020-10-24', '2019-06-29', 9320019951, 0, 87672718000536),
(85244463667, 0, 'normal', '2021-06-25', '2019-03-10', 3693473020, 0, 87672718000374),
(85497921876, 0, 'normal', '2020-04-27', '2019-11-28', 5641376418, 0, 87672718000455),
(85583952768, 0, 'normal', '2020-11-30', '2019-03-15', 444318501, 0, 87672718000617),
(86142235526, 0, 'normal', '2020-02-16', '2019-01-30', 2213122887, 0, 87672718000617),
(86161162571, 0, 'normal', '2021-11-11', '2018-04-15', 469405198, 0, 87672718000617),
(86339927955, 0, 'normal', '2020-02-17', '2018-04-21', 127188624, 0, 87672718000455),
(86387199816, 0, 'normal', '2020-12-22', '2019-05-14', 5587696230, 0, 87672718000536),
(86479731514, 0, 'normal', '2020-01-25', '2018-08-29', 9510657310, 0, 87672718000374),
(86757722704, 0, 'normal', '2020-08-23', '2019-05-19', 3642321297, 0, 87672718000455),
(87163552106, 0, 'normal', '2021-05-17', '2018-10-18', 1452999937, 0, 87672718000374),
(87431177402, 0, 'normal', '2021-06-27', '2018-07-28', 5177270039, 0, 87672718000293),
(87546243203, 0, 'normal', '2020-02-13', '2018-05-27', 1501770951, 0, 87672718000536),
(87581272915, 0, 'normal', '2021-07-11', '2019-01-28', 6536176533, 0, 87672718000374),
(87694635142, 0, 'normal', '2020-07-25', '2018-06-13', 7550826, 0, 87672718000293),
(87733948150, 0, 'normal', '2020-09-18', '2019-01-28', 7757215930, 0, 87672718000536),
(87765914251, 0, 'normal', '2020-05-19', '2018-07-14', 5131873160, 0, 87672718000455),
(87853115962, 0, 'normal', '2021-03-18', '2018-10-20', 316709958, 0, 87672718000293),
(88333934536, 0, 'normal', '2020-11-12', '2018-09-22', 2470027127, 0, 87672718000374),
(88394952666, 0, 'normal', '2021-09-19', '2018-09-16', 5440319853, 0, 87672718000293),
(88542541260, 0, 'normal', '2020-04-18', '2018-10-31', 3888482333, 0, 87672718000455),
(88783123393, 0, 'normal', '2020-06-14', '2018-09-30', 5638762813, 0, 87672718000374),
(88919135290, 0, 'normal', '2020-11-22', '2018-06-23', 9905205990, 0, 87672718000536),
(89583679380, 0, 'normal', '2021-02-17', '2019-11-20', 9022111052, 0, 87672718000617),
(89771313754, 0, 'normal', '2021-11-26', '2019-12-23', 765379551, 0, 87672718000617),
(91219451878, 0, 'normal', '2021-07-23', '2019-02-13', 2582622059, 0, 87672718000374),
(91527319369, 0, 'normal', '2021-05-20', '2018-06-23', 2868827160, 0, 87672718000374),
(91741318858, 0, 'normal', '2020-05-29', '2019-02-25', 4196168520, 0, 87672718000617),
(91843897709, 0, 'normal', '2020-06-13', '2018-10-25', 9229815031, 0, 87672718000536),
(92485115460, 0, 'normal', '2021-07-17', '2018-10-19', 4408250470, 0, 87672718000536),
(92725124921, 0, 'normal', '2020-12-31', '2018-03-27', 9394493836, 0, 87672718000536),
(92916167455, 0, 'normal', '2020-10-21', '2019-12-18', 2698808098, 0, 87672718000374),
(92978472502, 0, 'normal', '2020-07-22', '2019-07-23', 1420635584, 0, 87672718000536),
(93347817508, 0, 'normal', '2021-05-28', '2019-03-22', 8281215420, 0, 87672718000374),
(93391352884, 0, 'normal', '2020-09-16', '2019-12-20', 9322354269, 0, 87672718000536),
(93494872848, 0, 'normal', '2021-04-30', '2019-01-19', 3743353742, 0, 87672718000293),
(93846855189, 0, 'normal', '2021-09-11', '2019-04-10', 3612880504, 0, 87672718000455),
(93857269197, 0, 'normal', '2020-02-11', '2018-11-10', 7602134479, 0, 87672718000536),
(94195948908, 0, 'normal', '2021-08-22', '2018-12-14', 5513864772, 0, 87672718000293),
(94266959826, 0, 'normal', '2021-05-26', '2019-10-23', 7623730709, 0, 87672718000293),
(94566111245, 0, 'normal', '2020-02-17', '2019-08-31', 6316991022, 0, 87672718000293),
(94723673997, 0, 'normal', '2020-10-25', '2018-03-22', 5856661685, 0, 87672718000455),
(94743354781, 0, 'normal', '2020-09-15', '2019-02-27', 1984488739, 0, 87672718000536),
(94882559781, 0, 'normal', '2021-07-22', '2019-09-21', 6686836642, 0, 87672718000536),
(94983752838, 0, 'normal', '2020-08-28', '2018-07-12', 7126964747, 0, 87672718000536),
(94995791175, 0, 'normal', '2021-08-12', '2018-11-26', 8007212707, 0, 87672718000455),
(95144295754, 0, 'normal', '2021-02-18', '2019-10-21', 1559308947, 0, 87672718000455),
(95215429189, 0, 'normal', '2020-04-15', '2019-09-23', 4817972058, 0, 87672718000293),
(95473755984, 0, 'normal', '2020-05-15', '2018-01-17', 6795047733, 0, 87672718000536),
(95842435780, 0, 'normal', '2020-12-11', '2018-09-26', 1616649058, 0, 87672718000374),
(95995777440, 0, 'normal', '2021-05-21', '2018-09-20', 1035948410, 0, 87672718000617),
(95998326121, 0, 'normal', '2021-09-14', '2019-05-21', 8080166231, 0, 87672718000374),
(96274857567, 0, 'normal', '2021-03-11', '2019-07-30', 2397042071, 0, 87672718000455),
(96293719107, 0, 'normal', '2020-12-14', '2018-02-18', 7581607685, 0, 87672718000617),
(96531985569, 0, 'normal', '2021-04-24', '2018-09-16', 4843970255, 0, 87672718000374),
(96988996346, 0, 'normal', '2021-03-30', '2018-03-10', 7338419850, 0, 87672718000455),
(97156654110, 0, 'normal', '2021-08-26', '2019-11-22', 3905780967, 0, 87672718000536),
(97593949524, 0, 'normal', '2020-06-22', '2018-06-19', 1362646644, 0, 87672718000455),
(98174992359, 0, 'normal', '2021-07-16', '2019-10-13', 4425339939, 0, 87672718000293),
(98374672820, 0, 'normal', '2021-06-11', '2019-06-13', 608322639, 0, 87672718000293),
(98619314300, 0, 'normal', '2021-11-15', '2019-04-15', 6333849020, 0, 87672718000455),
(98817187160, 0, 'normal', '2021-06-21', '2018-12-25', 8345566510, 0, 87672718000617),
(98857687775, 0, 'normal', '2021-07-20', '2019-11-11', 2100025541, 0, 87672718000617),
(99152541215, 0, 'normal', '2021-11-28', '2019-06-15', 3842582400, 0, 87672718000536),
(99434821681, 0, 'normal', '2021-12-18', '2019-01-31', 263615828, 0, 87672718000617),
(99545147164, 0, 'normal', '2021-05-26', '2018-09-21', 2467938932, 0, 87672718000617),
(99556626549, 0, 'normal', '2021-07-23', '2018-12-23', 4440800753, 0, 87672718000617),
(99558771112, 0, 'normal', '2021-04-27', '2019-06-27', 1168109726, 0, 87672718000536),
(99638965452, 0, 'normal', '2021-07-22', '2019-08-23', 1614187043, 0, 87672718000617),
(99923949788, 0, 'normal', '2021-12-15', '2019-11-18', 7931923903, 0, 87672718000293);

INSERT INTO `endereco` (`cep`, `complemento`, `predio`, `logradouro`) VALUES
(119568, 'null', 'null', 'logr'),
(226705, 'null', 'null', 'logr'),
(300851, 'null', 'null', 'logr'),
(701327, 'null', 'null', 'logr'),
(1252457, 'null', 'null', 'logr'),
(1504443, 'null', 'null', 'logr'),
(1715840, 'null', 'null', 'logr'),
(1803735, 'null', 'null', 'logr'),
(2015994, 'null', 'null', 'logr'),
(2146494, 'null', 'null', 'logr'),
(2345377, 'null', 'null', 'logr'),
(2458952, 'null', 'null', 'logr'),
(2591359, 'null', 'null', 'logr'),
(2810979, 'null', 'null', 'logr'),
(2925082, 'null', 'null', 'logr'),
(3239057, 'null', 'null', 'logr'),
(3287434, 'null', 'null', 'logr'),
(3447058, 'null', 'null', 'logr'),
(3547868, 'null', 'null', 'logr'),
(3670622, 'null', 'null', 'logr'),
(4070351, 'null', 'null', 'logr'),
(4327961, 'null', 'null', 'logr'),
(4630393, 'null', 'null', 'logr'),
(5506398, 'null', 'null', 'logr'),
(5562717, 'null', 'null', 'logr'),
(5706758, 'null', 'null', 'logr'),
(6674744, 'null', 'null', 'logr'),
(6739900, 'null', 'null', 'logr'),
(6966929, 'null', 'null', 'logr'),
(7183800, 'null', 'null', 'logr'),
(7834639, 'null', 'null', 'logr'),
(7849112, 'null', 'null', 'logr'),
(7967210, 'null', 'null', 'logr'),
(8147627, 'null', 'null', 'logr'),
(8219913, 'null', 'null', 'logr'),
(8350878, 'null', 'null', 'logr'),
(8359694, 'null', 'null', 'logr'),
(8588433, 'null', 'null', 'logr'),
(8683127, 'null', 'null', 'logr'),
(8820340, 'null', 'null', 'logr'),
(8902883, 'null', 'null', 'logr'),
(8937852, 'null', 'null', 'logr'),
(9050726, 'null', 'null', 'logr'),
(9222042, 'null', 'null', 'logr'),
(9250737, 'null', 'null', 'logr'),
(9405003, 'null', 'null', 'logr'),
(9509914, 'null', 'null', 'logr'),
(9599288, 'null', 'null', 'logr'),
(10264674, 'null', 'null', 'logr'),
(10308230, 'null', 'null', 'logr'),
(10380551, 'null', 'null', 'logr'),
(10408788, 'null', 'null', 'logr'),
(10604607, 'null', 'null', 'logr'),
(10853129, 'null', 'null', 'logr'),
(10938679, 'null', 'null', 'logr'),
(11116939, 'null', 'null', 'logr'),
(11233836, 'null', 'null', 'logr'),
(11258183, 'null', 'null', 'logr'),
(11273582, 'null', 'null', 'logr'),
(11408780, 'null', 'null', 'logr'),
(12042567, 'null', 'null', 'logr'),
(12142128, 'null', 'null', 'logr'),
(12500146, 'null', 'null', 'logr'),
(12589904, 'null', 'null', 'logr'),
(12598995, 'null', 'null', 'logr'),
(12764145, 'null', 'null', 'logr'),
(13015797, 'null', 'null', 'logr'),
(13089572, 'null', 'null', 'logr'),
(13530946, 'null', 'null', 'logr'),
(13706728, 'null', 'null', 'logr'),
(13891687, 'null', 'null', 'logr'),
(13980653, 'null', 'null', 'logr'),
(13992293, 'null', 'null', 'logr'),
(14332393, 'null', 'null', 'logr'),
(14533868, 'null', 'null', 'logr'),
(14840268, 'null', 'null', 'logr'),
(15114700, 'null', 'null', 'logr'),
(15836567, 'null', 'null', 'logr'),
(15928550, 'null', 'null', 'logr'),
(15996229, 'null', 'null', 'logr'),
(16253254, 'null', 'null', 'logr'),
(16462972, 'null', 'null', 'logr'),
(16592853, 'null', 'null', 'logr'),
(16703596, 'null', 'null', 'logr'),
(16795309, 'null', 'null', 'logr'),
(16889825, 'null', 'null', 'logr'),
(16964276, 'null', 'null', 'logr'),
(17319396, 'null', 'null', 'logr'),
(17349674, 'null', 'null', 'logr'),
(17373079, 'null', 'null', 'logr'),
(17493007, 'null', 'null', 'logr'),
(17750061, 'null', 'null', 'logr'),
(17979639, 'null', 'null', 'logr'),
(18071278, 'null', 'null', 'logr'),
(18163872, 'null', 'null', 'logr'),
(18199554, 'null', 'null', 'logr'),
(18530501, 'null', 'null', 'logr'),
(18812284, 'null', 'null', 'logr'),
(18873246, 'null', 'null', 'logr'),
(19687203, 'null', 'null', 'logr'),
(19924340, 'null', 'null', 'logr'),
(20174674, 'null', 'null', 'logr'),
(20330892, 'null', 'null', 'logr'),
(20425056, 'null', 'null', 'logr'),
(20667114, 'null', 'null', 'logr'),
(21534527, 'null', 'null', 'logr'),
(21972141, 'null', 'null', 'logr'),
(22319292, 'null', 'null', 'logr'),
(23230293, 'null', 'null', 'logr'),
(23395476, 'null', 'null', 'logr'),
(23676601, 'null', 'null', 'logr'),
(23707328, 'null', 'null', 'logr'),
(23719216, 'null', 'null', 'logr'),
(23963997, 'null', 'null', 'logr'),
(24045985, 'null', 'null', 'logr'),
(24078419, 'null', 'null', 'logr'),
(24094061, 'null', 'null', 'logr'),
(24265508, 'null', 'null', 'logr'),
(24408694, 'null', 'null', 'logr'),
(24766046, 'null', 'null', 'logr'),
(24809871, 'null', 'null', 'logr'),
(24878000, 'null', 'null', 'logr'),
(25214040, 'null', 'null', 'logr'),
(25522979, 'null', 'null', 'logr'),
(25746403, 'null', 'null', 'logr'),
(26279605, 'null', 'null', 'logr'),
(26302612, 'null', 'null', 'logr'),
(26425851, 'null', 'null', 'logr'),
(26498615, 'null', 'null', 'logr'),
(27128202, 'null', 'null', 'logr'),
(27201711, 'null', 'null', 'logr'),
(27838265, 'null', 'null', 'logr'),
(27845738, 'null', 'null', 'logr'),
(27901727, 'null', 'null', 'logr'),
(28114025, 'null', 'null', 'logr'),
(28723270, 'null', 'null', 'logr'),
(28736196, 'null', 'null', 'logr'),
(28749077, 'null', 'null', 'logr'),
(28761128, 'null', 'null', 'logr'),
(29017075, 'null', 'null', 'logr'),
(29416729, 'null', 'null', 'logr'),
(29764528, 'null', 'null', 'logr'),
(29780551, 'null', 'null', 'logr'),
(30111117, 'null', 'null', 'logr'),
(30641541, 'null', 'null', 'logr'),
(30794300, 'null', 'null', 'logr'),
(30949386, 'null', 'null', 'logr'),
(30989307, 'null', 'null', 'logr'),
(31147707, 'null', 'null', 'logr'),
(31393299, 'null', 'null', 'logr'),
(31744107, 'null', 'null', 'logr'),
(31781597, 'null', 'null', 'logr'),
(31788292, 'null', 'null', 'logr'),
(32149645, 'null', 'null', 'logr'),
(32355811, 'null', 'null', 'logr'),
(33602220, 'null', 'null', 'logr'),
(33799078, 'null', 'null', 'logr'),
(34066643, 'null', 'null', 'logr'),
(34456698, 'null', 'null', 'logr'),
(34850340, 'null', 'null', 'logr'),
(34965709, 'null', 'null', 'logr'),
(36198054, 'null', 'null', 'logr'),
(36422678, 'null', 'null', 'logr'),
(36543841, 'null', 'null', 'logr'),
(37218493, 'null', 'null', 'logr'),
(37775156, 'null', 'null', 'logr'),
(37864605, 'null', 'null', 'logr'),
(38449859, 'null', 'null', 'logr'),
(38683020, 'null', 'null', 'logr'),
(38931784, 'null', 'null', 'logr'),
(39208161, 'null', 'null', 'logr'),
(39601685, 'null', 'null', 'logr'),
(39793482, 'null', 'null', 'logr'),
(40076130, 'null', 'null', 'logr'),
(40145808, 'null', 'null', 'logr'),
(40189743, 'null', 'null', 'logr'),
(40266325, 'null', 'null', 'logr'),
(40268566, 'null', 'null', 'logr'),
(40387261, 'null', 'null', 'logr'),
(40472276, 'null', 'null', 'logr'),
(40759903, 'null', 'null', 'logr'),
(40911592, 'null', 'null', 'logr'),
(40914561, 'null', 'null', 'logr'),
(40983021, 'null', 'null', 'logr'),
(41526943, 'null', 'null', 'logr'),
(41971042, 'null', 'null', 'logr'),
(42062268, 'null', 'null', 'logr'),
(42132309, 'null', 'null', 'logr'),
(42186763, 'null', 'null', 'logr'),
(42257258, 'null', 'null', 'logr'),
(42280494, 'null', 'null', 'logr'),
(42397875, 'null', 'null', 'logr'),
(42592439, 'null', 'null', 'logr'),
(43106241, 'null', 'null', 'logr'),
(43743257, 'null', 'null', 'logr'),
(43800678, 'null', 'null', 'logr'),
(44095573, 'null', 'null', 'logr'),
(44181142, 'null', 'null', 'logr'),
(44331172, 'null', 'null', 'logr'),
(44597135, 'null', 'null', 'logr'),
(45139157, 'null', 'null', 'logr'),
(45400499, 'null', 'null', 'logr'),
(45722644, 'null', 'null', 'logr'),
(45908588, 'null', 'null', 'logr'),
(46014937, 'null', 'null', 'logr'),
(46090273, 'null', 'null', 'logr'),
(46152525, 'null', 'null', 'logr'),
(46186899, 'null', 'null', 'logr'),
(46491909, 'null', 'null', 'logr'),
(46543078, 'null', 'null', 'logr'),
(46641191, 'null', 'null', 'logr'),
(46642403, 'null', 'null', 'logr'),
(46959225, 'null', 'null', 'logr'),
(47197628, 'null', 'null', 'logr'),
(47353755, 'null', 'null', 'logr'),
(47422747, 'null', 'null', 'logr'),
(47427683, 'null', 'null', 'logr'),
(47489379, 'null', 'null', 'logr'),
(47563056, 'null', 'null', 'logr'),
(47834542, 'null', 'null', 'logr'),
(48011145, 'null', 'null', 'logr'),
(48019811, 'null', 'null', 'logr'),
(48130772, 'null', 'null', 'logr'),
(48446089, 'null', 'null', 'logr'),
(48478547, 'null', 'null', 'logr'),
(48670429, 'null', 'null', 'logr'),
(48740042, 'null', 'null', 'logr'),
(48790565, 'null', 'null', 'logr'),
(49211979, 'null', 'null', 'logr'),
(49435196, 'null', 'null', 'logr'),
(49571624, 'null', 'null', 'logr'),
(49645643, 'null', 'null', 'logr'),
(49684846, 'null', 'null', 'logr'),
(50029046, 'null', 'null', 'logr'),
(50533508, 'null', 'null', 'logr'),
(50556270, 'null', 'null', 'logr'),
(50877476, 'null', 'null', 'logr'),
(50945273, 'null', 'null', 'logr'),
(50973596, 'null', 'null', 'logr'),
(51202134, 'null', 'null', 'logr'),
(51207226, 'null', 'null', 'logr'),
(51385243, 'null', 'null', 'logr'),
(51994732, 'null', 'null', 'logr'),
(52110242, 'null', 'null', 'logr'),
(52207220, 'null', 'null', 'logr'),
(52226246, 'null', 'null', 'logr'),
(52594575, 'null', 'null', 'logr'),
(52843500, 'null', 'null', 'logr'),
(52865923, 'null', 'null', 'logr'),
(53011978, 'null', 'null', 'logr'),
(53056506, 'null', 'null', 'logr'),
(53175147, 'null', 'null', 'logr'),
(53249244, 'null', 'null', 'logr'),
(53276805, 'null', 'null', 'logr'),
(53873788, 'null', 'null', 'logr'),
(54030323, 'null', 'null', 'logr'),
(54489900, 'null', 'null', 'logr'),
(54672723, 'null', 'null', 'logr'),
(54922109, 'null', 'null', 'logr'),
(54976787, 'null', 'null', 'logr'),
(55144810, 'null', 'null', 'logr'),
(55797328, 'null', 'null', 'logr'),
(55896403, 'null', 'null', 'logr'),
(55968117, 'null', 'null', 'logr'),
(56038984, 'null', 'null', 'logr'),
(56383669, 'null', 'null', 'logr'),
(56628772, 'null', 'null', 'logr'),
(56659508, 'null', 'null', 'logr'),
(56933555, 'null', 'null', 'logr'),
(57002180, 'null', 'null', 'logr'),
(57011946, 'null', 'null', 'logr'),
(57050903, 'null', 'null', 'logr'),
(57349330, 'null', 'null', 'logr'),
(57716586, 'null', 'null', 'logr'),
(58332627, 'null', 'null', 'logr'),
(58350474, 'null', 'null', 'logr'),
(58383723, 'null', 'null', 'logr'),
(58389640, 'null', 'null', 'logr'),
(58416001, 'null', 'null', 'logr'),
(58479416, 'null', 'null', 'logr'),
(58586698, 'null', 'null', 'logr'),
(58643486, 'null', 'null', 'logr'),
(58886951, 'null', 'null', 'logr'),
(58987302, 'null', 'null', 'logr'),
(59342497, 'null', 'null', 'logr'),
(59578999, 'null', 'null', 'logr'),
(59909131, 'null', 'null', 'logr'),
(60045452, 'null', 'null', 'logr'),
(60188131, 'null', 'null', 'logr'),
(60213456, 'null', 'null', 'logr'),
(60260505, 'null', 'null', 'logr'),
(60323609, 'null', 'null', 'logr'),
(60327505, 'null', 'null', 'logr'),
(60404949, 'null', 'null', 'logr'),
(60418342, 'null', 'null', 'logr'),
(60896801, 'null', 'null', 'logr'),
(61143812, 'null', 'null', 'logr'),
(61463799, 'null', 'null', 'logr'),
(61488546, 'null', 'null', 'logr'),
(61533726, 'null', 'null', 'logr'),
(62756402, 'null', 'null', 'logr'),
(62779733, 'null', 'null', 'logr'),
(62816750, 'null', 'null', 'logr'),
(63658019, 'null', 'null', 'logr'),
(64259136, 'null', 'null', 'logr'),
(64259914, 'null', 'null', 'logr'),
(64754808, 'null', 'null', 'logr'),
(64812400, 'null', 'null', 'logr'),
(65168603, 'null', 'null', 'logr'),
(65333291, 'null', 'null', 'logr'),
(65598387, 'null', 'null', 'logr'),
(66078427, 'null', 'null', 'logr'),
(66094759, 'null', 'null', 'logr'),
(66132542, 'null', 'null', 'logr'),
(66184513, 'null', 'null', 'logr'),
(66224885, 'null', 'null', 'logr'),
(66268439, 'null', 'null', 'logr'),
(66276065, 'null', 'null', 'logr'),
(66339079, 'null', 'null', 'logr'),
(66346154, 'null', 'null', 'logr'),
(66399858, 'null', 'null', 'logr'),
(66553012, 'null', 'null', 'logr'),
(66560075, 'null', 'null', 'logr'),
(66687466, 'null', 'null', 'logr'),
(66687590, 'null', 'null', 'logr'),
(66818749, 'null', 'null', 'logr'),
(66846141, 'null', 'null', 'logr'),
(66858345, 'null', 'null', 'logr'),
(66977541, 'null', 'null', 'logr'),
(67323489, 'null', 'null', 'logr'),
(67478041, 'null', 'null', 'logr'),
(67920062, 'null', 'null', 'logr'),
(67964571, 'null', 'null', 'logr'),
(68061298, 'null', 'null', 'logr'),
(68225441, 'null', 'null', 'logr'),
(68895398, 'null', 'null', 'logr'),
(68921689, 'null', 'null', 'logr'),
(68996282, 'null', 'null', 'logr'),
(69370653, 'null', 'null', 'logr'),
(69398226, 'null', 'null', 'logr'),
(69613496, 'null', 'null', 'logr'),
(69734138, 'null', 'null', 'logr'),
(69763010, 'null', 'null', 'logr'),
(70122320, 'null', 'null', 'logr'),
(70189532, 'null', 'null', 'logr'),
(70436016, 'null', 'null', 'logr'),
(70542389, 'null', 'null', 'logr'),
(70581659, 'null', 'null', 'logr'),
(70657299, 'null', 'null', 'logr'),
(70904076, 'null', 'null', 'logr'),
(71124980, 'null', 'null', 'logr'),
(71830170, 'null', 'null', 'logr'),
(71863289, 'null', 'null', 'logr'),
(72191008, 'null', 'null', 'logr'),
(72937426, 'null', 'null', 'logr'),
(73105780, 'null', 'null', 'logr'),
(73320965, 'null', 'null', 'logr'),
(73365909, 'null', 'null', 'logr'),
(73519422, 'null', 'null', 'logr'),
(73956853, 'null', 'null', 'logr'),
(73968954, 'null', 'null', 'logr'),
(74461660, 'null', 'null', 'logr'),
(74533488, 'null', 'null', 'logr'),
(75155553, 'null', 'null', 'logr'),
(75214483, 'null', 'null', 'logr'),
(75251330, 'null', 'null', 'logr'),
(75264328, 'null', 'null', 'logr'),
(75533208, 'null', 'null', 'logr'),
(75571682, 'null', 'null', 'logr'),
(75672456, 'null', 'null', 'logr'),
(76006526, 'null', 'null', 'logr'),
(76023651, 'null', 'null', 'logr'),
(76244084, 'null', 'null', 'logr'),
(76530847, 'null', 'null', 'logr'),
(76796183, 'null', 'null', 'logr'),
(76859821, 'null', 'null', 'logr'),
(77032087, 'null', 'null', 'logr'),
(77138092, 'null', 'null', 'logr'),
(77147135, 'null', 'null', 'logr'),
(77446393, 'null', 'null', 'logr'),
(77527446, 'null', 'null', 'logr'),
(77581738, 'null', 'null', 'logr'),
(77859039, 'null', 'null', 'logr'),
(78149106, 'null', 'null', 'logr'),
(78348592, 'null', 'null', 'logr'),
(78566435, 'null', 'null', 'logr'),
(79107321, 'null', 'null', 'logr'),
(79206313, 'null', 'null', 'logr'),
(79940328, 'null', 'null', 'logr'),
(79994628, 'null', 'null', 'logr'),
(80099504, 'null', 'null', 'logr'),
(80125933, 'null', 'null', 'logr'),
(80202868, 'null', 'null', 'logr'),
(80581336, 'null', 'null', 'logr'),
(80632075, 'null', 'null', 'logr'),
(80675799, 'null', 'null', 'logr'),
(80730148, 'null', 'null', 'logr'),
(80736156, 'null', 'null', 'logr'),
(80848055, 'null', 'null', 'logr'),
(80920453, 'null', 'null', 'logr'),
(81215028, 'null', 'null', 'logr'),
(81216995, 'null', 'null', 'logr'),
(81238530, 'null', 'null', 'logr'),
(81277511, 'null', 'null', 'logr'),
(81721727, 'null', 'null', 'logr'),
(81779131, 'null', 'null', 'logr'),
(81883668, 'null', 'null', 'logr'),
(82099058, 'null', 'null', 'logr'),
(82104138, 'null', 'null', 'logr'),
(83105933, 'null', 'null', 'logr'),
(83255816, 'null', 'null', 'logr'),
(83793130, 'null', 'null', 'logr'),
(83885996, 'null', 'null', 'logr'),
(84379729, 'null', 'null', 'logr'),
(84476914, 'null', 'null', 'logr'),
(84585634, 'null', 'null', 'logr'),
(84593429, 'null', 'null', 'logr'),
(84605174, 'null', 'null', 'logr'),
(84773266, 'null', 'null', 'logr'),
(84782725, 'null', 'null', 'logr'),
(85374208, 'null', 'null', 'logr'),
(85770166, 'null', 'null', 'logr'),
(85939452, 'null', 'null', 'logr'),
(85991019, 'null', 'null', 'logr'),
(86130891, 'null', 'null', 'logr'),
(86138411, 'null', 'null', 'logr'),
(86165362, 'null', 'null', 'logr'),
(86265433, 'null', 'null', 'logr'),
(86365098, 'null', 'null', 'logr'),
(86597716, 'null', 'null', 'logr'),
(86726800, 'null', 'null', 'logr'),
(86796249, 'null', 'null', 'logr'),
(87202578, 'null', 'null', 'logr'),
(87206521, 'null', 'null', 'logr'),
(87230968, 'null', 'null', 'logr'),
(87273981, 'null', 'null', 'logr'),
(87279758, 'null', 'null', 'logr'),
(87582227, 'null', 'null', 'logr'),
(87675339, 'null', 'null', 'logr'),
(87754029, 'null', 'null', 'logr'),
(87767338, 'null', 'null', 'logr'),
(88227903, 'null', 'null', 'logr'),
(88258142, 'null', 'null', 'logr'),
(88651998, 'null', 'null', 'logr'),
(88948382, 'null', 'null', 'logr'),
(89278884, 'null', 'null', 'logr'),
(89682561, 'null', 'null', 'logr'),
(89939557, 'null', 'null', 'logr'),
(90667557, 'null', 'null', 'logr'),
(90790294, 'null', 'null', 'logr'),
(90911899, 'null', 'null', 'logr'),
(90951475, 'null', 'null', 'logr'),
(91037068, 'null', 'null', 'logr'),
(91113080, 'null', 'null', 'logr'),
(91331504, 'null', 'null', 'logr'),
(91443350, 'null', 'null', 'logr'),
(91522213, 'null', 'null', 'logr'),
(91572479, 'null', 'null', 'logr'),
(91980062, 'null', 'null', 'logr'),
(92126575, 'null', 'null', 'logr'),
(92138609, 'null', 'null', 'logr'),
(92579118, 'null', 'null', 'logr'),
(92580285, 'null', 'null', 'logr'),
(92681598, 'null', 'null', 'logr'),
(92726906, 'null', 'null', 'logr'),
(92788452, 'null', 'null', 'logr'),
(93159089, 'null', 'null', 'logr'),
(93312392, 'null', 'null', 'logr'),
(93727454, 'null', 'null', 'logr'),
(93741963, 'null', 'null', 'logr'),
(94009057, 'null', 'null', 'logr'),
(94058890, 'null', 'null', 'logr'),
(94423108, 'null', 'null', 'logr'),
(94508872, 'null', 'null', 'logr'),
(94602157, 'null', 'null', 'logr'),
(94635800, 'null', 'null', 'logr'),
(94723089, 'null', 'null', 'logr'),
(94761587, 'null', 'null', 'logr'),
(94791398, 'null', 'null', 'logr'),
(95009445, 'null', 'null', 'logr'),
(95270256, 'null', 'null', 'logr'),
(95491013, 'null', 'null', 'logr'),
(95922772, 'null', 'null', 'logr'),
(96101787, 'null', 'null', 'logr'),
(96220687, 'null', 'null', 'logr'),
(96597990, 'null', 'null', 'logr'),
(96612916, 'null', 'null', 'logr'),
(96708423, 'null', 'null', 'logr'),
(97067332, 'null', 'null', 'logr'),
(97305686, 'null', 'null', 'logr'),
(97529282, 'null', 'null', 'logr'),
(97793772, 'null', 'null', 'logr'),
(97920291, 'null', 'null', 'logr'),
(98021154, 'null', 'null', 'logr'),
(98398675, 'null', 'null', 'logr'),
(98528457, 'null', 'null', 'logr'),
(98633001, 'null', 'null', 'logr'),
(98652354, 'null', 'null', 'logr'),
(98704272, 'null', 'null', 'logr'),
(98712971, 'null', 'null', 'logr'),
(98735803, 'null', 'null', 'logr'),
(98975133, 'null', 'null', 'logr'),
(99244638, 'null', 'null', 'logr'),
(99395290, 'null', 'null', 'logr'),
(99476420, 'null', 'null', 'logr');

INSERT INTO `fornecedor` (`cnpj_fornecedor`, `nome_fantasia`, `dt_inicio`, `dt_fim`) VALUES
(481745000110, 'Fornecedor 4', '2018-01-01', '2020-01-01'),
(19689661000102, 'Fornecedor 9', '2018-01-01', '2020-01-01'),
(26606945000145, 'Fornecedor 1', '2018-01-01', '2020-01-01'),
(29886987000175, 'Fornecedor 8', '2018-01-01', '2020-01-01'),
(38692811000173, 'Fornecedor 3', '2018-01-01', '2020-01-01'),
(49052514000180, 'Fornecedor 7', '2018-01-01', '2020-01-01'),
(69226607000190, 'Fornecedor 2', '2018-01-01', '2020-01-01'),
(81246624000195, 'Fornecedor 6', '2018-01-01', '2020-01-01'),
(82802742000103, 'Fornecedor 10', '2018-01-01', '2020-01-01'),
(97521939000133, 'Fornecedor 5', '2018-01-01', '2020-01-01');

INSERT INTO `funcionario` (`cpf`, `dt_ferias`, `salario_base`, `ramal`, `cpf_gerente`, `cnpj_filial`) VALUES
(12443298515, '2019-09-28', 2000, 82459, 49541953654, 87672718000536),
(13527586792, '2019-12-29', 2000, 7197, 49541953654, 87672718000536),
(14646686392, '2020-12-11', 1500, 48043, 85398197916, 87672718000374),
(15956573805, '2019-02-16', 1500, 97596, 96736997127, 87672718000455),
(19278862606, '2020-03-30', 1500, 86783, 85398197916, 87672718000374),
(23127345593, '2020-03-13', 1500, 44174, 85398197916, 87672718000374),
(24268219145, '2020-10-18', 1500, 42253, 39425719195, 87672718000617),
(26637917923, '2019-07-20', 1500, 58830, 85398197916, 87672718000374),
(27148969360, '2020-10-18', 1500, 98087, 77824583660, 87672718000293),
(27195796370, '2019-10-24', 1500, 75548, 85398197916, 87672718000374),
(27321879844, '2020-05-21', 2000, 46403, 96736997127, 87672718000455),
(28122667910, '2019-04-18', 2000, 22928, 49541953654, 87672718000536),
(28287362709, '2020-01-17', 1500, 32820, 77824583660, 87672718000293),
(28395643780, '2019-02-25', 1500, 31009, 39425719195, 87672718000617),
(28615847690, '2019-04-16', 1500, 6659, 85398197916, 87672718000374),
(28843125796, '2020-07-21', 1500, 3370, 77824583660, 87672718000293),
(32643989740, '2020-07-10', 1500, 79141, 49541953654, 87672718000536),
(33545728684, '2019-01-25', 1500, 3285, 39425719195, 87672718000617),
(33554535605, '2020-08-22', 1500, 64710, 96736997127, 87672718000455),
(34476677371, '2020-08-16', 2000, 79870, 39425719195, 87672718000617),
(37152499861, '2020-07-26', 1500, 94371, 49541953654, 87672718000536),
(37511653987, '2020-04-14', 1500, 7433, 49541953654, 87672718000536),
(37659934171, '2020-06-14', 1500, 2608, 39425719195, 87672718000617),
(39361753908, '2020-06-26', 1500, 16578, 96736997127, 87672718000455),
(39425719195, '2019-03-11', 3200, 70701, 0, 87672718000617),
(41346496412, '2019-08-21', 1500, 855, 77824583660, 87672718000293),
(41599157446, '2019-06-16', 2000, 7476, 85398197916, 87672718000374),
(41613766424, '2020-12-17', 2000, 3590, 77824583660, 87672718000293),
(43293839770, '2019-12-13', 1500, 22397, 96736997127, 87672718000455),
(43799586989, '2020-06-30', 1500, 6699, 49541953654, 87672718000536),
(44834175502, '2020-09-10', 1500, 38039, 39425719195, 87672718000617),
(45689415634, '2019-12-13', 1500, 77208, 77824583660, 87672718000293),
(47613972763, '2020-02-21', 2000, 43638, 77824583660, 87672718000293),
(47675426266, '2019-09-23', 2000, 19493, 96736997127, 87672718000455),
(48221937649, '2020-03-17', 1500, 12791, 39425719195, 87672718000617),
(48251681596, '2020-06-18', 1500, 63047, 85398197916, 87672718000374),
(49386979802, '2020-04-20', 2000, 3349, 85398197916, 87672718000374),
(49541953654, '2020-12-17', 3200, 24648, 0, 87672718000536),
(52735246795, '2020-03-12', 1500, 77322, 96736997127, 87672718000455),
(53588892303, '2019-08-18', 1500, 9346, 77824583660, 87672718000293),
(53619991138, '2019-09-14', 1500, 39835, 77824583660, 87672718000293),
(53645375104, '2020-08-26', 2000, 3943, 77824583660, 87672718000293),
(54157172183, '2019-09-23', 1500, 33970, 49541953654, 87672718000536),
(54361431213, '2019-10-29', 2000, 92831, 85398197916, 87672718000374),
(54619819921, '2020-04-15', 1500, 42528, 39425719195, 87672718000617),
(55349247808, '2020-08-15', 1500, 11078, 85398197916, 87672718000374),
(56934717210, '2019-12-30', 1500, 28601, 77824583660, 87672718000293),
(56963631212, '2019-02-11', 1500, 7038, 96736997127, 87672718000455),
(61435132521, '2020-02-25', 1500, 36278, 85398197916, 87672718000374),
(62764248890, '2019-07-14', 2000, 24112, 77824583660, 87672718000293),
(63712518480, '2019-12-25', 1500, 93470, 77824583660, 87672718000293),
(64585758232, '2020-01-19', 1500, 51498, 39425719195, 87672718000617),
(65194884451, '2020-11-11', 1500, 25751, 39425719195, 87672718000617),
(66181755772, '2019-07-16', 1500, 15720, 77824583660, 87672718000293),
(66657564406, '2019-01-24', 2000, 9898, 49541953654, 87672718000536),
(66959462800, '2019-10-21', 2000, 61644, 96736997127, 87672718000455),
(67453684129, '2019-03-16', 1500, 23219, 85398197916, 87672718000374),
(67895247891, '2020-10-20', 2000, 22182, 77824583660, 87672718000293),
(69516164420, '2019-01-24', 2000, 50268, 85398197916, 87672718000374),
(69931599456, '2020-12-15', 1500, 89624, 49541953654, 87672718000536),
(72546368923, '2020-04-26', 1500, 75611, 39425719195, 87672718000617),
(72647592535, '2020-07-25', 1500, 39030, 77824583660, 87672718000293),
(75646878942, '2020-11-24', 2000, 11624, 39425719195, 87672718000617),
(77516899356, '2020-03-15', 2000, 45940, 96736997127, 87672718000455),
(77824583660, '2019-11-26', 3200, 31201, 0, 87672718000293),
(77986792868, '2020-11-21', 1500, 91232, 49541953654, 87672718000536),
(78217146403, '2020-07-26', 1500, 11219, 96736997127, 87672718000455),
(78827141430, '2020-08-29', 1500, 33958, 49541953654, 87672718000536),
(79664811319, '2019-03-19', 1500, 29200, 96736997127, 87672718000455),
(81121549101, '2019-12-18', 1500, 54811, 96736997127, 87672718000455),
(83139531605, '2020-04-26', 1500, 66937, 85398197916, 87672718000374),
(83726211870, '2020-02-28', 1500, 87125, 49541953654, 87672718000536),
(84237111458, '2019-09-15', 2000, 25139, 96736997127, 87672718000455),
(85398197916, '2020-02-14', 3200, 19350, 0, 87672718000374),
(85682583957, '2020-09-21', 1500, 55771, 39425719195, 87672718000617),
(86636283661, '2019-01-11', 2000, 19900, 39425719195, 87672718000617),
(86765325913, '2020-12-16', 2000, 57322, 39425719195, 87672718000617),
(87317188174, '2020-06-18', 1500, 17055, 85398197916, 87672718000374),
(88355959914, '2019-03-22', 1500, 27753, 96736997127, 87672718000455),
(89695711758, '2020-03-30', 1500, 86333, 39425719195, 87672718000617),
(89845271499, '2020-04-14', 1500, 3144, 96736997127, 87672718000455),
(92316172733, '2019-01-21', 1500, 22033, 49541953654, 87672718000536),
(92379326770, '2019-08-29', 1500, 40835, 49541953654, 87672718000536),
(92966355603, '2019-01-16', 2000, 18277, 39425719195, 87672718000617),
(93542513660, '2019-05-29', 2000, 42441, 49541953654, 87672718000536),
(94225675807, '2019-07-10', 1500, 77647, 96736997127, 87672718000455),
(95693855880, '2019-01-20', 2000, 2801, 85398197916, 87672718000374),
(96736997127, '2019-10-13', 3200, 72459, 0, 87672718000455),
(98223839326, '2019-01-15', 1500, 59369, 49541953654, 87672718000536),
(99146775501, '2020-05-21', 1500, 87420, 77824583660, 87672718000293);

INSERT INTO `gerente` (`cpf`, `dt_inicio`, `dt_fim`) VALUES
(39425719195, '2018-01-01', '2021-01-01'),
(49541953654, '2018-01-01', '2021-01-01'),
(77824583660, '2018-01-01', '2021-01-01'),
(85398197916, '2018-01-01', '2021-01-01'),
(96736997127, '2018-01-01', '2021-01-01');

INSERT INTO `livro` (`cod_produto`, `isbn`, `titulo`, `dt_ultima_edicao`, `ano_publicacao`, `num_edicao`, `tipo`) VALUES
(114339635, 1565105133, 'Illegal Immigration: Opposing Viewpoints (Opposing Viewpoints Series (Unnumbered).)', '1997-01-01', 1997, 1, 'fisico'),
(130191017, 670858684, 'The Complete Book of Houseplants: A Practical Guide to Selecting and Caring for Houseplants', '1994-01-01', 1994, 1, 'fisico'),
(159663631, 715311700, 'A Cross Stitcher\'s Oriental Odyssey', '2001-01-01', 2001, 1, 'fisico'),
(249089257, 449129705, 'Darker Than Amber', '1979-01-01', 1979, 1, 'fisico'),
(277398727, 886771242, 'Cotc #03 Legacy of the Sword', '1986-01-01', 1986, 1, 'fisico'),
(345096647, 1559946032, 'Care of the Soul', '1992-01-01', 1992, 1, 'fisico'),
(507243849, 743508467, 'Good In Bed', '2001-01-01', 2001, 1, 'fisico'),
(606748565, 889952027, 'Graveyard Girl: (Stories', '2000-01-01', 2000, 1, 'fisico'),
(637491683, 1577490533, 'The Book of Positive Quotations', '1997-01-01', 1997, 1, 'fisico'),
(763991424, 312924259, 'Single File: How to Live Happily Forever After With or Without Prince Charming', '1990-01-01', 1990, 1, 'fisico'),
(998761815, 395252997, 'Possible Impossibilities: A Look at Parapsychology', '1977-01-01', 1977, 1, 'fisico'),
(1029746000, 809118580, 'Jesus and the Eucharist', '1974-01-01', 1974, 1, 'fisico'),
(1034950382, 761100350, 'Restaurant Confidential', '2002-01-01', 2002, 1, 'fisico'),
(1394688986, 425097269, 'Shadowland', '1994-01-01', 1994, 1, 'fisico'),
(1454605312, 722194056, 'Son of Rugby Jokes', '1990-01-01', 1990, 1, 'fisico'),
(1697423549, 1585420468, 'Bruce! : My Adventures in the Skin Trade and Other Essays', '2000-01-01', 2000, 1, 'fisico'),
(2012386474, 696206129, 'Emma\'s Christmas Wish : A Child\'s Recipe For Love (Better Homes and Gardens Heart &amp; Home Collect', '1996-01-01', 1996, 1, 'fisico'),
(2096072620, 8475094988, 'Que Vivimos Solos, Los', '1998-01-01', 1998, 1, 'fisico'),
(2144431274, 786001550, 'Fire Dancer', '1995-01-01', 1995, 1, 'fisico'),
(2150346567, 316418978, 'Old Dogs and Children', '1991-01-01', 1991, 1, 'fisico'),
(2201112483, 812520378, 'Interrupt', '1995-01-01', 1995, 1, 'fisico'),
(2463156001, 8420430714, 'Todos Los Nombres (Alfaguara)', '1999-01-01', 1999, 1, 'fisico'),
(2467537180, 802117260, 'Madame De Pompadour: Mistress of France', '2002-01-01', 2002, 1, 'fisico'),
(2529287909, 295983957, 'Reading Seattle: The City in Prose', '2004-01-01', 2004, 1, 'fisico'),
(2659269404, 140123393, 'Simple Living: One Couples Search for a Better Life', '1993-01-01', 1993, 1, 'fisico'),
(2820775232, 446310085, 'Unsuitable Job for a Woman', '1982-01-01', 1982, 1, 'fisico'),
(2894209931, 3257008155, 'Herr Hase und das sch?ne Geschenk.', '2003-01-01', 2003, 1, 'fisico'),
(3014901660, 553219057, 'Shades of Gray (Loveswept, No 286)', '1988-01-01', 1988, 1, 'fisico'),
(3128874332, 812525752, 'A Matter of Taste', '1993-01-01', 1993, 1, 'fisico'),
(3234972162, 345461029, 'Evenings at Five', '2003-01-01', 2003, 1, 'fisico'),
(3325507369, 385491476, 'Courage Is Contagious: Ordinary People Doing Extraordinary Things to Change the Face of America', '1998-01-01', 1998, 1, 'fisico'),
(3620244784, 843940328, 'Comanche Flame', '1994-01-01', 1994, 1, 'fisico'),
(3736929495, 553267981, 'The Scream', '1992-01-01', 1992, 1, 'fisico'),
(3851230370, 882951017, 'Duchess of Malfi (Crofts Classics)', '1953-01-01', 1953, 1, 'fisico'),
(4002561367, 1879333112, 'Gerry Frank\'s Where to Find It, Buy It, Eat It in New York (Where to Find It, Buy It, Eat It in New ', '1999-01-01', 1999, 1, 'fisico'),
(4018199984, 962054364, 'Beads and Threads: A New Technique for Fiber Jewelry', '1994-01-01', 1994, 1, 'fisico'),
(4093225349, 517132974, 'Madame Cleo\'s Girls', '1999-01-01', 1999, 1, 'fisico'),
(4096567961, 380816512, 'The Price of Passion (Avon Romance)', '2001-01-01', 2001, 1, 'fisico'),
(4104736960, 553444433, 'Imaginary Lover (Loveswept, No 717)', '1994-01-01', 1994, 1, 'fisico'),
(4125623931, 883017253, 'Captains Courageous (Pocket Classics)', '1985-01-01', 1985, 1, 'fisico'),
(4284030867, 373691211, 'Drive Me Wild  (Heat)', '2003-01-01', 2003, 1, 'fisico'),
(4294952774, 1576730700, 'Wise Man\'s House (Palisades Pure Romance)', '1997-01-01', 1997, 1, 'fisico'),
(4350170223, 735607958, 'Desktop Applications for Microsoft VC++ 6.0: MCSD Training Kit (for exam 70-016)', '1999-01-01', 1999, 1, 'fisico'),
(4384847358, 674002733, 'White Teacher (with a New Preface)', '2000-01-01', 2000, 1, 'fisico'),
(4459161740, 671676849, 'BUDGIE AT BENDICK\'S POINT', '1989-01-01', 1989, 1, 'fisico'),
(4497251012, 312956843, 'Kink: The Hidden Sex Lives of Americans', '1995-01-01', 1995, 1, 'fisico'),
(4541525159, 892964901, 'Mucho Mojo', '1994-01-01', 1994, 1, 'fisico'),
(4571183370, 312966679, 'The Toyotomi Blades (Toyotomi Blades)', '1998-01-01', 1998, 1, 'fisico'),
(4770732918, 1572920378, 'Performance Traditions Among African-American Teachers', '1997-01-01', 1997, 1, 'fisico'),
(4863178057, 330294563, 'Cover Story', '1986-01-01', 1986, 1, 'fisico'),
(4915435086, 380701073, 'Nine Women', '1987-01-01', 1987, 1, 'fisico'),
(4992205258, 471253839, 'Improving Data Warehouse and Business Information Quality: Methods for Reducing Costs and Increasing', '1999-01-01', 1999, 1, 'fisico'),
(5370924158, 843950498, 'Dark Melody', '2003-01-01', 2003, 1, 'fisico'),
(5555856710, 831752963, 'Just so stories for little children (Facsimile classics series)', '1980-01-01', 1980, 1, 'fisico'),
(5669600572, 1571312471, 'Ecology of a Cracker Childhood', '2000-01-01', 2000, 1, 'fisico'),
(5907684085, 60645881, 'The Dance of the Dissident Daughter : A Woman\'s Journey from Christian Tradition to the Sacred Femin', '1996-01-01', 1996, 1, 'fisico'),
(6143140348, 452263948, 'The Country Girls Trilogy and Epilogue', '1990-01-01', 1990, 1, 'fisico'),
(6200949156, 2226001093, 'Les cits magiques', '1974-01-01', 1974, 1, 'fisico'),
(6242390631, 399139605, 'Debt of Honor', '1994-01-01', 1994, 1, 'fisico'),
(6259134046, 2846400520, 'Let\'s go Espagne 2003', '2003-01-01', 2003, 1, 'fisico'),
(6591049703, 64471810, 'X Files YA #08 Host (X Files YA)', '1997-01-01', 1997, 1, 'fisico'),
(6779293765, 821753010, 'To Love a Stranger', '1995-01-01', 1995, 1, 'fisico'),
(6915360237, 141181222, 'One Flew over the Cuckoo\'s Nest (Penguin Classics)', '2003-01-01', 2003, 1, 'fisico'),
(7079258966, 132441209, 'Healing Yourself With Foot Reflexology', '1996-01-01', 1996, 1, 'fisico'),
(7316064667, 671747150, 'Fancy Pants', '1991-01-01', 1991, 1, 'fisico'),
(7334322007, 60722282, 'The Falls : A Novel (Oates, Joyce Carol)', '2004-01-01', 2004, 1, 'fisico'),
(7364378948, 809182475, 'Hope for the Flowers', '1997-01-01', 1997, 1, 'fisico'),
(7525207938, 801033373, 'The Hour That Changes the World', '1986-01-01', 1986, 1, 'fisico'),
(7579428518, 425109925, 'Mighty Lobo', '1988-01-01', 1988, 1, 'fisico'),
(7678191389, 60981180, 'Mariette in Ecstasy', '1992-01-01', 1992, 1, 'fisico'),
(7818250395, 451459423, 'The House of Gaian', '2003-01-01', 2003, 1, 'fisico'),
(7820203346, 802065481, 'A Concise Anglo-Saxon Dictionary (Medieval Academy Reprints for Teaching, 14)', '1984-01-01', 1984, 1, 'fisico'),
(7840654547, 888783787, 'Lion of Venice', '1997-01-01', 1997, 1, 'fisico'),
(7912793441, 373034512, 'Angel Bride  (Simply The Best) (Harlequin Romances, No 3451)', '1997-01-01', 1997, 1, 'fisico'),
(7998509369, 373109989, 'Unfinished Business (Harlequin Presents, No 998)', '1987-01-01', 1987, 1, 'fisico'),
(8167501671, 922915121, 'Secret Life of a Satanist: The Authorized Biography of Anton Lavey', '1992-01-01', 1992, 1, 'fisico'),
(8207616820, 373217137, 'Baby Game (By Request 2\'S) (By Request 2\'s)', '2000-01-01', 2000, 1, 'fisico'),
(8280300127, 843944943, 'Violet (Seven Brides)', '1999-01-01', 1999, 1, 'fisico'),
(8378147336, 312317689, 'Highland Fling', '2003-01-01', 2003, 1, 'fisico'),
(8465118766, 771052855, 'Memoirs', '1986-01-01', 1986, 1, 'fisico'),
(8625073121, 1891661094, 'Offbeat Food: Adventures in an Omnivorous World', '2000-01-01', 2000, 1, 'fisico'),
(8983226209, 345362799, '\\It\'s Never Too Late to Have a Happy Childhood\\: Inspirations for Adult Children', '1989-01-01', 1989, 1, 'fisico'),
(9203626015, 440418089, 'Vicky Angel', '2003-01-01', 2003, 1, 'fisico'),
(9286801063, 590449206, 'Lily and Miss Liberty', '1993-01-01', 1993, 1, 'fisico'),
(9379460136, 553801635, 'Aging with Grace: What the Nun Study Teaches Us About Leading Longer, Healthier, and More Meaningful', '2001-01-01', 2001, 1, 'fisico'),
(9449319616, 679891277, 'Islands in the Sky (Voyage of the Basset , No 1)', '1999-01-01', 1999, 1, 'fisico'),
(9458696574, 1566471575, 'A Pocket Guide to Oahu', '2000-01-01', 2000, 1, 'fisico'),
(9546996562, 140058257, 'Dirty Friends', '1982-01-01', 1982, 1, 'fisico'),
(9555586644, 233983198, 'Double Crossing Duo or the Year of My Enthusiasms', '1990-01-01', 1990, 1, 'fisico'),
(9561419659, 380002957, 'A Devil\'s Desire', '1987-01-01', 1987, 1, 'fisico'),
(9581012805, 1929090161, 'Origins (Vampire Princess Miyu, Vol. 1)', '2001-01-01', 2001, 1, 'fisico'),
(9625297493, 3499603764, 'Wieviel Mutter braucht der Mensch? Der Mythos von der guten Mutter.', '1998-01-01', 1998, 1, 'fisico'),
(9626736305, 356037290, 'Japan: the years of triumph: From feudal isolation to Pacific empire (Library of the 20th century)', '1971-01-01', 1971, 1, 'fisico'),
(9630744822, 671568442, 'A New Mother\'s Thoughts: Poems', '1996-01-01', 1996, 1, 'fisico'),
(9692839675, 3442730023, 'Jeden Tag ein bisschen n?her. Eine ungew?hnliche Geschichte.', '2002-01-01', 2002, 1, 'fisico'),
(9756805663, 262081881, 'The New Conservatism : Cultural Criticism and the Historians\' Debate (Studies in Contemporary German', '1989-01-01', 1989, 1, 'fisico'),
(9771908575, 345371259, 'Where Lawyers Fear to Tread', '1991-01-01', 1991, 1, 'fisico'),
(9939799201, 553482017, 'Too Scared to Sleep (Sweet Valley Twins, 97)', '1996-01-01', 1996, 1, 'fisico'),
(9955930099, 974420328, 'Game', '2004-01-01', 2004, 1, 'fisico'),
(9998071508, 140389644, 'The Friendship', '1998-01-01', 1998, 1, 'fisico');

INSERT INTO `pessoa` (`cpf`, `nome`, `sexo`, `dt_nascimento`, `idade`, `endereco_cep`, `endereco_num`) VALUES
(11142999793, 'Vicente', 'masculino', '1955-04-22', 63, 85374208, 4294),
(11558337598, 'Daniel', 'masculino', '1983-05-22', 35, 76530847, 4673),
(11566352681, 'Santiago', 'masculino', '1984-01-25', 34, 23676601, 565),
(11724645960, 'Duarte', 'masculino', '1982-10-25', 35, 83885996, 4885),
(11817332350, 'Pedro', 'masculino', '1967-10-16', 50, 80581336, 1951),
(11852589574, 'Mrio', 'masculino', '1982-10-26', 35, 9509914, 5731),
(11938133609, 'Artur', 'masculino', '1987-09-20', 30, 27128202, 8868),
(12443298515, 'Francisco', 'masculino', '1958-02-14', 60, 48019811, 1145),
(12525599845, 'Sal', 'masculino', '1961-08-21', 56, 70542389, 3302),
(12532554401, 'Lara', 'feminino', '1974-06-29', 44, 48446089, 6156),
(12942447605, 'Rafael', 'masculino', '2006-08-16', 11, 71830170, 9626),
(12975973896, 'Jos', 'masculino', '2000-06-26', 18, 94723089, 1076),
(13527586792, 'Rafael', 'masculino', '1959-05-22', 59, 12589904, 9076),
(13663631591, 'Sultan', 'masculino', '1966-10-25', 51, 32355811, 830),
(14144781860, 'Janana', 'feminino', '2002-09-13', 15, 25746403, 7262),
(14375338504, 'Raquel', 'feminino', '1955-08-22', 62, 49684846, 3949),
(14534698429, 'Lucas', 'masculino', '1985-11-26', 32, 3287434, 7651),
(14557639429, 'Gabriela', 'feminino', '2000-09-21', 17, 78348592, 9843),
(14646686392, 'Irs', 'feminino', '1979-02-27', 39, 98021154, 7622),
(14754783212, 'Francisco', 'masculino', '1961-07-22', 57, 87230968, 5648),
(14768333540, 'Kelvin', 'masculino', '1991-03-13', 27, 45400499, 9724),
(14853129731, 'Salvador', 'masculino', '1966-12-25', 51, 3447058, 2558),
(14917823820, 'Camilla', 'feminino', '1966-09-21', 51, 66846141, 3393),
(15444489708, 'Vasco', 'masculino', '1988-05-20', 30, 40759903, 1758),
(15576789288, 'Nicole', 'feminino', '1956-05-14', 62, 59342497, 8904),
(15956573805, 'Rafael', 'masculino', '1953-12-13', 64, 57050903, 4002),
(16588954522, 'Drisana', 'feminino', '2010-06-15', 8, 84476914, 8062),
(16727297428, 'Simeo', 'masculino', '1999-04-18', 19, 9250737, 8415),
(17274454650, 'Duarte', 'masculino', '1969-11-23', 48, 33602220, 2992),
(17423927929, 'Margarida', 'feminino', '1971-07-27', 47, 62756402, 5900),
(17524599544, 'Margarida', 'feminino', '1994-03-13', 24, 50533508, 8002),
(17785829586, 'Lara', 'feminino', '1999-12-27', 18, 81216995, 8484),
(17823186314, 'Sebastio', 'masculino', '1950-07-22', 68, 45908588, 9095),
(18272255642, 'Maria', 'feminino', '2008-12-28', 9, 27201711, 671),
(18565458229, 'Isabella', 'feminino', '2010-05-20', 8, 79206313, 5232),
(18679658871, 'Bernardo', 'masculino', '1960-06-18', 58, 96101787, 5729),
(18737263765, 'Vera', 'feminino', '2009-11-13', 8, 48740042, 6139),
(18979191588, 'Pedro', 'masculino', '1971-03-30', 47, 7834639, 8799),
(19216877626, 'Mlton', 'masculino', '1992-07-21', 26, 23963997, 6860),
(19278862606, 'Isabel', 'feminino', '1983-01-29', 35, 80099504, 4495),
(19414999108, 'Joana', 'feminino', '1955-12-28', 62, 84782725, 7239),
(19434144329, 'Santiago', 'masculino', '1972-03-13', 46, 94635800, 7138),
(19513164365, 'Beatriz', 'feminino', '1954-03-30', 64, 94423108, 61),
(19848425365, 'Teresa', 'feminino', '1951-01-25', 67, 34456698, 6116),
(19899777153, 'Carolina', 'feminino', '1983-05-28', 35, 6674744, 7685),
(19952343469, 'Jos', 'masculino', '2001-04-11', 17, 83105933, 8371),
(21198399481, 'Simo', 'masculino', '1957-05-24', 61, 84773266, 281),
(21266812709, 'Joo', 'masculino', '2004-04-16', 14, 75571682, 3778),
(21441461280, 'Mafalda', 'feminino', '1972-10-31', 45, 56659508, 6063),
(21682624110, 'Domingos', 'masculino', '2003-08-24', 14, 91037068, 7932),
(21742514502, 'Rania', 'feminino', '1988-12-23', 29, 98735803, 6623),
(21925181537, 'Lus', 'masculino', '1976-11-16', 41, 40387261, 5504),
(22176723392, 'Arthur', 'masculino', '1978-04-26', 40, 34965709, 4868),
(22512435423, 'Mariana', 'feminino', '1962-10-30', 55, 51994732, 7938),
(22573391930, 'Maria', 'feminino', '2010-01-12', 8, 91443350, 648),
(22677993759, 'Lara', 'feminino', '1994-08-24', 23, 13980653, 9780),
(22986935524, 'Maria', 'feminino', '1999-05-24', 19, 71124980, 127),
(23127345593, 'Leonor', 'feminino', '1954-03-31', 64, 39208161, 5113),
(23312422400, 'Mateus', 'masculino', '1959-09-23', 58, 27901727, 9133),
(23317981334, 'Maria', 'feminino', '1983-01-30', 35, 96708423, 2783),
(23436919322, 'Diego', 'masculino', '1976-12-20', 41, 15928550, 1532),
(23631466110, 'Micael', 'masculino', '2003-01-25', 15, 82104138, 5194),
(23766749641, 'Rui', 'masculino', '1951-01-21', 67, 94761587, 9981),
(23771296501, 'Francisco', 'masculino', '1950-12-28', 67, 52843500, 1073),
(24268219145, 'Simone', 'feminino', '1983-06-13', 35, 61533726, 4829),
(24753921506, 'Daniel', 'masculino', '1958-01-21', 60, 13530946, 6453),
(24771313113, 'Maria', 'feminino', '1994-12-31', 23, 43743257, 5523),
(24888487359, 'Clara', 'feminino', '2002-10-25', 15, 70122320, 411),
(24968783973, 'Augusto', 'masculino', '2007-01-22', 11, 67920062, 7393),
(25313455664, 'Jin', 'masculino', '1962-12-13', 55, 70189532, 3455),
(25588613520, 'Francisca', 'feminino', '1960-09-23', 57, 50556270, 355),
(25674725179, 'Matilde', 'feminino', '1975-04-18', 43, 28749077, 2940),
(26258155669, 'Beatriz', 'feminino', '1981-07-16', 37, 58643486, 4255),
(26375455260, 'Margarida', 'feminino', '1955-09-26', 62, 11408780, 4824),
(26512727525, 'Matias', 'masculino', '2008-06-21', 10, 8147627, 5662),
(26637917923, 'Daniel', 'masculino', '1989-06-12', 29, 57716586, 6245),
(27148969360, 'Catarina', 'feminino', '1995-09-19', 22, 29764528, 3694),
(27195796370, 'Francisco', 'masculino', '1980-07-25', 38, 38683020, 2241),
(27244422296, 'Leonor', 'feminino', '1983-02-26', 35, 40076130, 5907),
(27321879844, 'Francisca', 'feminino', '1978-04-20', 40, 92580285, 5701),
(27434827378, 'Toms', 'masculino', '1982-10-30', 35, 46491909, 6912),
(27483792337, 'Toms', 'masculino', '2010-04-20', 8, 58479416, 6598),
(27536634323, 'Gabriela', 'feminino', '1961-05-28', 57, 72937426, 8517),
(27683742538, 'Antnio', 'masculino', '1952-06-17', 66, 8820340, 8981),
(27742453622, 'Guilherme', 'masculino', '1958-05-25', 60, 23395476, 7190),
(27818828524, 'Victria', 'feminino', '1987-07-22', 31, 60213456, 2350),
(27857756270, 'Isaac', 'masculino', '2008-06-28', 10, 93312392, 119),
(28122667910, 'Guilherme', 'masculino', '1997-08-30', 20, 26498615, 3815),
(28287362709, 'Clara', 'feminino', '1950-09-21', 67, 30949386, 4720),
(28395643780, 'Leonor', 'feminino', '1952-09-27', 65, 44331172, 858),
(28541475379, 'Ariana', 'feminino', '1999-02-14', 19, 46959225, 436),
(28615847690, 'Miguel', 'masculino', '1961-03-20', 57, 47834542, 2579),
(28647617932, 'Pedro', 'masculino', '1992-11-18', 25, 47489379, 680),
(28664962804, 'Marcos', 'masculino', '1982-06-24', 36, 88948382, 9410),
(28843125796, 'Francisco', 'masculino', '1964-06-24', 54, 97793772, 483),
(28915494652, 'Isalcio', 'masculino', '1956-04-25', 62, 98633001, 911),
(28945852417, 'Joo', 'masculino', '1991-11-16', 26, 58332627, 9370),
(29291243698, 'Leonor', 'feminino', '2001-05-31', 17, 47563056, 1057),
(29449773424, 'Maria', 'feminino', '1989-05-29', 29, 68895398, 1147),
(29563742737, 'Vitria', 'feminino', '1999-03-26', 19, 2458952, 1668),
(29599945409, 'Henrique', 'masculino', '1970-12-24', 47, 55896403, 6310),
(29648376867, 'Bianca', 'feminino', '1995-01-19', 23, 80920453, 6351),
(29688369438, 'Amlia', 'feminino', '1980-09-15', 37, 13992293, 7064),
(29728197306, 'Leonardo', 'masculino', '1996-11-13', 21, 10308230, 2509),
(29762357833, 'Gonalo', 'masculino', '1997-11-17', 20, 1252457, 2750),
(29956198854, 'Duarte', 'masculino', '1991-03-20', 27, 81779131, 4784),
(31232169340, 'Luna', 'feminino', '1977-05-15', 41, 68061298, 5930),
(31261285646, 'Oriana', 'feminino', '1969-12-19', 48, 9050726, 4272),
(31539776239, 'Rafael', 'masculino', '1992-10-28', 25, 34066643, 7635),
(31598469975, 'Maria', 'feminino', '1972-07-11', 46, 4070351, 4115),
(31668263947, 'Ludmiro', 'masculino', '1960-11-20', 57, 88258142, 5659),
(31749539950, 'Gustavo', 'masculino', '2010-09-19', 7, 87582227, 4857),
(31759539805, 'Diana', 'feminino', '1995-03-13', 23, 70904076, 4021),
(31837565600, 'Carolina', 'feminino', '1998-06-13', 20, 57011946, 2979),
(32246133270, 'Rodrigo', 'masculino', '2000-06-30', 18, 17750061, 2600),
(32353143857, 'ngela', 'feminino', '1959-05-10', 59, 53276805, 6042),
(32534419706, 'Jnifer', 'feminino', '1995-02-21', 23, 5562717, 3358),
(32643989740, 'Gabriela', 'feminino', '1972-07-15', 46, 34850340, 6645),
(33356232150, 'Afonso', 'masculino', '1961-02-16', 57, 49211979, 9683),
(33365839348, 'Pedro', 'masculino', '2007-11-23', 10, 54922109, 5825),
(33536624308, 'Toms', 'masculino', '1991-01-23', 27, 84585634, 9367),
(33545728684, 'Maria', 'feminino', '1965-04-10', 53, 77138092, 4815),
(33554535605, 'Elisa', 'feminino', '1967-03-13', 51, 30989307, 7055),
(33656656339, 'Maria', 'feminino', '1975-11-19', 42, 76006526, 7030),
(33784113176, 'Diogo', 'masculino', '1979-04-12', 39, 66560075, 7732),
(33883399108, 'Matilde', 'feminino', '1987-12-15', 30, 2146494, 3666),
(34127562455, 'Toms', 'masculino', '1954-03-28', 64, 96612916, 2557),
(34329674548, 'Leonor', 'feminino', '1994-10-23', 23, 68921689, 347),
(34476677371, 'Daniel', 'masculino', '1956-09-18', 61, 33799078, 5696),
(34615255616, 'Maria', 'feminino', '1964-01-28', 54, 66818749, 6774),
(34831967904, 'Catarina', 'feminino', '1996-09-27', 21, 61463799, 483),
(34855945390, 'Beatriz', 'feminino', '1988-06-10', 30, 75251330, 8410),
(35231637149, 'Gustavo', 'masculino', '2009-08-21', 8, 41971042, 8109),
(35414954720, 'Rodrigo', 'masculino', '1973-06-30', 45, 73105780, 1409),
(35827763365, 'Mariana', 'feminino', '2008-07-19', 9, 67323489, 7346),
(36121581476, 'Salvador', 'masculino', '2002-12-11', 15, 8937852, 3145),
(36677257363, 'Ins', 'feminino', '1999-01-28', 19, 16592853, 3542),
(36968461714, 'Mirela', 'feminino', '2002-07-13', 16, 21534527, 5026),
(37152499861, 'Constana', 'feminino', '1992-01-18', 26, 52226246, 2758),
(37319195593, 'Victria', 'feminino', '2003-08-17', 14, 69613496, 3687),
(37356517809, 'Bernardo', 'masculino', '1962-12-19', 55, 94508872, 4346),
(37419759820, 'Beatriz', 'feminino', '2006-05-31', 12, 51385243, 4618),
(37511653987, 'Giovana', 'feminino', '1967-11-16', 50, 47422747, 3407),
(37659934171, 'Filipe', 'masculino', '1970-06-26', 48, 31788292, 7817),
(37714321628, 'Aline', 'feminino', '1983-11-28', 34, 44181142, 4559),
(38368757568, 'Diogo', 'masculino', '1967-06-27', 51, 12042567, 8881),
(38447948595, 'Gonalo', 'masculino', '1981-08-11', 36, 57002180, 7312),
(38463957579, 'Benedita', 'feminino', '2000-02-17', 18, 40145808, 2099),
(38627412731, 'Kyara', 'feminino', '2004-07-27', 13, 84379729, 4912),
(38698691439, 'Afonso', 'masculino', '1991-03-27', 27, 13015797, 5965),
(39171476610, 'Francisco', 'masculino', '1981-07-28', 36, 16462972, 8877),
(39361753908, 'Gabriel', 'masculino', '1992-12-27', 25, 19687203, 6681),
(39425719195, 'Matilde', 'feminino', '1977-03-27', 41, 48130772, 651),
(39455859459, 'Joana', 'feminino', '1963-07-13', 55, 83793130, 7705),
(39463772979, 'Gonalo', 'masculino', '1962-09-19', 55, 65598387, 9014),
(39686759670, 'Maria', 'feminino', '1952-06-23', 66, 14840268, 4008),
(39757377864, 'Martim', 'masculino', '1987-04-30', 31, 90790294, 9097),
(39866138895, 'Charlize', 'feminino', '2007-12-28', 10, 91980062, 2803),
(41336214414, 'Carminho', 'feminino', '1992-03-15', 26, 92579118, 2438),
(41346496412, 'Maria', 'feminino', '1995-09-11', 22, 86365098, 9746),
(41379567580, 'Tiago', 'masculino', '1994-01-27', 24, 58350474, 169),
(41599157446, 'David', 'masculino', '1980-08-21', 37, 92138609, 9855),
(41613766424, 'Maria', 'feminino', '1962-04-10', 56, 76023651, 4478),
(42433859557, 'Caetana', 'feminino', '1970-04-26', 48, 5706758, 6238),
(42614617571, 'Salvador', 'masculino', '2003-09-26', 14, 77859039, 1492),
(42752731507, 'Guilherme', 'masculino', '1980-03-12', 38, 62816750, 430),
(42788851138, 'Maria', 'feminino', '1972-01-20', 46, 2015994, 6448),
(42814195190, 'Joo', 'masculino', '1998-05-10', 20, 54672723, 7981),
(43181859583, 'Afonso', 'masculino', '1963-08-31', 54, 58389640, 4210),
(43226368290, 'Matilde', 'feminino', '1990-07-16', 28, 75264328, 1111),
(43293839770, 'Luciana', 'feminino', '1996-04-19', 22, 66399858, 9729),
(43471895671, 'Caetana', 'feminino', '1952-08-23', 65, 15114700, 4189),
(43534654579, 'Maria', 'feminino', '2002-03-10', 16, 41526943, 1584),
(43632631999, 'Diogo', 'masculino', '1956-09-23', 61, 98975133, 3919),
(43797758103, 'Mya', 'feminino', '1996-09-16', 21, 73968954, 898),
(43799586989, 'Mlanie', 'feminino', '1974-03-10', 44, 51207226, 2168),
(43924817510, 'Jos', 'masculino', '2002-09-12', 15, 52207220, 9350),
(43951382848, 'Violeta', 'feminino', '1955-03-18', 63, 54976787, 7618),
(43956337301, 'Vitor', 'masculino', '1965-01-28', 53, 20425056, 4504),
(44536732640, 'Lucas', 'masculino', '1952-04-26', 66, 12142128, 6382),
(44728781518, 'Ivone', 'feminino', '1983-07-31', 34, 7183800, 3846),
(44834175502, 'Benedita', 'feminino', '1954-05-14', 64, 18812284, 4174),
(44834317900, 'Duarte', 'masculino', '1985-09-28', 32, 28723270, 9684),
(44866198117, 'Lanie', 'feminino', '1969-02-17', 49, 56383669, 2634),
(44899651171, 'Rita', 'feminino', '1954-06-20', 64, 59578999, 9433),
(45571752602, 'Pedro', 'masculino', '1999-06-14', 19, 53011978, 6958),
(45669332105, 'Francisca', 'feminino', '1970-09-30', 47, 98398675, 4844),
(45689415634, 'Briana', 'feminino', '1991-10-22', 26, 73956853, 1342),
(45695894131, 'Artur', 'masculino', '1983-04-24', 35, 79107321, 4195),
(46176567904, 'Xavier', 'masculino', '2001-11-10', 16, 50945273, 7929),
(46191567952, 'Kailane', 'feminino', '1971-08-27', 46, 58416001, 6999),
(46979898566, 'Alice', 'feminino', '1991-09-12', 26, 6966929, 8369),
(47234613536, 'Danilo', 'masculino', '1971-07-16', 47, 92726906, 9016),
(47426481530, 'Pedro', 'masculino', '2005-01-11', 13, 79940328, 5001),
(47513296774, 'Aurora', 'feminino', '1992-09-24', 25, 89939557, 6626),
(47578853341, 'Toms', 'masculino', '1990-05-19', 28, 70581659, 6153),
(47613972763, 'Beatriz', 'feminino', '1997-05-29', 21, 46152525, 8146),
(47675426266, 'Leia', 'feminino', '1958-08-15', 59, 95922772, 2811),
(47696517325, 'Antnio', 'masculino', '1983-09-13', 34, 28736196, 5639),
(48221937649, 'Clara', 'feminino', '1971-10-28', 46, 80730148, 2235),
(48251681596, 'Afonso', 'masculino', '1993-07-10', 25, 52110242, 9766),
(48559426264, 'Maria', 'feminino', '1975-12-24', 42, 58383723, 5557),
(48791852560, 'Ariana', 'feminino', '1966-09-14', 51, 30111117, 1044),
(48972279412, 'Sara', 'feminino', '1975-05-10', 43, 24408694, 6475),
(49242972592, 'Maria', 'feminino', '1955-02-23', 63, 8902883, 4841),
(49329915841, 'Rodrigo', 'masculino', '2005-09-27', 12, 78566435, 2882),
(49386979802, 'urea', 'feminino', '1962-10-20', 55, 50877476, 8232),
(49525377229, 'Vasco', 'masculino', '1965-05-17', 53, 93741963, 1398),
(49541953654, 'Matilde', 'feminino', '1953-10-22', 64, 66094759, 643),
(49666731517, 'Emerson', 'masculino', '2002-05-26', 16, 23707328, 7967),
(49732674652, 'Tiago', 'masculino', '1987-08-23', 30, 701327, 45),
(49916365318, 'Bianca', 'feminino', '1971-08-15', 46, 45722644, 7820),
(51878367730, 'Ana', 'feminino', '1957-04-27', 61, 17349674, 5575),
(51912217880, 'Frederica', 'feminino', '1962-11-30', 55, 60404949, 1954),
(51919633774, 'Benjamim', 'masculino', '1988-05-21', 30, 48670429, 1900),
(51982717130, 'Gabriel', 'masculino', '1986-01-16', 32, 81721727, 2709),
(52239897406, 'Alexandre', 'masculino', '1963-07-14', 55, 24766046, 3053),
(52416184733, 'Sarah', 'feminino', '1962-12-19', 55, 40268566, 6493),
(52645372597, 'Matilde', 'feminino', '1996-12-16', 21, 91113080, 7361),
(52679133595, 'Simo', 'masculino', '1962-06-16', 56, 50029046, 7299),
(52735246795, 'Gabriel', 'masculino', '1958-12-27', 59, 90667557, 2573),
(53215231697, 'Gabriela', 'feminino', '2002-03-31', 16, 47353755, 8321),
(53327121389, 'Kimmy', 'feminino', '2000-07-11', 18, 40983021, 572),
(53368168339, 'Toms', 'masculino', '1980-02-19', 38, 5506398, 605),
(53588892303, 'Micael', 'masculino', '1997-03-15', 21, 81238530, 6592),
(53619991138, 'Duarte', 'masculino', '1992-04-11', 26, 64754808, 8896),
(53645375104, 'Vicente', 'masculino', '1985-10-13', 32, 24094061, 7632),
(53798664927, 'Maria', 'feminino', '1962-09-15', 55, 16253254, 2879),
(53834345342, 'Lara', 'feminino', '1987-08-21', 30, 87206521, 9095),
(53955547507, 'Henrique', 'masculino', '1973-12-10', 44, 91522213, 3330),
(54118154790, 'Maria', 'feminino', '2003-05-12', 15, 80632075, 5136),
(54157172183, 'Salvador', 'masculino', '1984-01-19', 34, 19924340, 9817),
(54193316599, 'Henrique', 'masculino', '1963-04-21', 55, 37218493, 568),
(54229441860, 'Gabriel', 'masculino', '2006-03-21', 12, 3239057, 9590),
(54361431213, 'Vicente', 'masculino', '1980-02-18', 38, 73320965, 4991),
(54493745428, 'Nayla', 'feminino', '2001-03-14', 17, 96220687, 3875),
(54574766506, 'Diogo', 'masculino', '1985-07-14', 33, 3670622, 1654),
(54619819921, 'Miguel', 'masculino', '1975-02-28', 43, 36543841, 9595),
(54634412276, 'Maria', 'feminino', '1997-02-21', 21, 23719216, 7859),
(54838682697, 'Cludia', 'feminino', '1999-03-17', 19, 7849112, 2254),
(54897353416, 'Guilherme', 'masculino', '1983-07-11', 35, 18199554, 1373),
(55174728772, 'Aurora', 'feminino', '1961-11-15', 56, 47197628, 7686),
(55251613385, 'Vasco', 'masculino', '1974-09-24', 43, 46641191, 3653),
(55349247808, 'Antnio', 'masculino', '1975-12-27', 42, 92681598, 2160),
(55412922988, 'Lucas', 'masculino', '1956-09-17', 61, 62779733, 1067),
(55472695732, 'Toms', 'masculino', '1995-04-25', 23, 66184513, 960),
(55761982552, 'Mateus', 'masculino', '2003-03-29', 15, 81277511, 3344),
(55942949450, 'Clara', 'feminino', '1951-04-11', 67, 66078427, 7742),
(55957591432, 'Mia', 'feminino', '1996-07-18', 22, 86265433, 4381),
(55992154310, 'Sofia', 'feminino', '2008-08-19', 9, 17319396, 6631),
(56113384373, 'Manuel', 'masculino', '2003-11-27', 14, 97920291, 9759),
(56241472100, 'Maria', 'feminino', '2007-02-18', 11, 69734138, 4113),
(56283717349, 'Sofia', 'feminino', '1959-01-23', 59, 46014937, 4560),
(56361536270, 'Santiago', 'masculino', '1969-08-25', 48, 77032087, 2679),
(56446935110, 'Leonardo', 'masculino', '1980-12-17', 37, 13891687, 9501),
(56934717210, 'Francisca', 'feminino', '1990-07-19', 28, 95270256, 2974),
(56934977203, 'Matilde', 'feminino', '2001-07-30', 16, 71863289, 5203),
(56963631212, 'Valentim', 'masculino', '1996-10-27', 21, 66346154, 3635),
(56965277874, 'Matilde', 'feminino', '1990-06-24', 28, 52865923, 6497),
(57284188480, 'Vitria', 'feminino', '1995-10-18', 22, 68225441, 2230),
(57622598542, 'Alice', 'feminino', '1995-09-14', 22, 86130891, 8739),
(57769818400, 'Carolina', 'feminino', '1951-04-24', 67, 86165362, 1387),
(57932582806, 'Benjamim', 'masculino', '2000-01-29', 18, 57349330, 6018),
(57969273106, 'Leandro', 'masculino', '1971-12-31', 46, 20667114, 4816),
(57983916809, 'Larissa', 'feminino', '2009-02-22', 9, 18530501, 1074),
(58384162115, 'Ilesh', 'masculino', '1990-04-27', 28, 84605174, 6397),
(58411321649, 'Maria', 'feminino', '1973-07-22', 45, 11258183, 1711),
(58693217607, 'Melissa', 'feminino', '1988-12-25', 29, 97305686, 5248),
(58775657961, 'Guilherme', 'masculino', '1957-05-29', 61, 80202868, 57),
(59439875500, 'Maria', 'feminino', '1990-01-13', 28, 85939452, 6756),
(59533737913, 'Duarte', 'masculino', '1970-09-17', 47, 80125933, 9717),
(59576249937, 'Clara', 'feminino', '2002-11-26', 15, 59909131, 9568),
(59746769715, 'Joo', 'masculino', '2004-01-11', 14, 73365909, 2794),
(59785368998, 'Joo', 'masculino', '2003-09-14', 14, 66276065, 2626),
(59815764217, 'Rodrigo', 'masculino', '1987-02-12', 31, 90951475, 8091),
(59868633214, 'Leonardo', 'masculino', '2009-01-19', 9, 48011145, 5889),
(61175511420, 'Dinis', 'masculino', '2010-01-17', 8, 18163872, 998),
(61324389630, 'Matilde', 'feminino', '1964-05-19', 54, 7967210, 1905),
(61381221785, 'Duarte', 'masculino', '1963-10-28', 54, 40914561, 1038),
(61435132521, 'Miguel', 'masculino', '1979-06-25', 39, 8588433, 8026),
(61461316448, 'Vicente', 'masculino', '1961-04-27', 57, 56628772, 3141),
(61788315600, 'Clara', 'feminino', '1974-09-25', 43, 2591359, 6764),
(61828718734, 'Antonela', 'feminino', '2001-12-23', 16, 10938679, 1362),
(61889746746, 'Lusa', 'feminino', '1952-11-11', 65, 46543078, 604),
(62456193431, 'Santiago', 'masculino', '1983-06-21', 35, 119568, 686),
(62719978213, 'Ana', 'feminino', '1972-10-12', 45, 11273582, 4588),
(62741474974, 'Maria', 'feminino', '2005-05-11', 13, 36198054, 6471),
(62764248890, 'Simo', 'masculino', '1973-08-28', 44, 81883668, 6123),
(62833754302, 'Carolina', 'feminino', '2004-11-23', 13, 60188131, 9754),
(62957254492, 'Alex', 'masculino', '2002-03-12', 16, 48478547, 1104),
(63145438190, 'Deniz', 'masculino', '1975-08-15', 42, 20330892, 8772),
(63319651900, 'Benedita', 'feminino', '1990-12-10', 27, 23230293, 113),
(63432763352, 'Santiago', 'masculino', '1999-02-12', 19, 42280494, 191),
(63516337613, 'Leandro', 'masculino', '1972-08-30', 45, 24265508, 9840),
(63712518480, 'Leonor', 'feminino', '1972-06-29', 46, 9405003, 8439),
(64247733397, 'Maria', 'feminino', '1979-12-17', 38, 10853129, 8738),
(64273594285, 'Mafalda', 'feminino', '2004-06-25', 14, 77446393, 6865),
(64585758232, 'Nadyr', 'feminino', '1977-01-23', 41, 8683127, 8970),
(64626773923, 'Csar', 'masculino', '1998-04-11', 20, 17493007, 4514),
(64853126767, 'Henrique', 'masculino', '1953-11-22', 64, 99476420, 5058),
(65194884451, 'Frederica', 'feminino', '1952-02-11', 66, 53873788, 1530),
(65352318877, 'Joo', 'masculino', '2004-09-13', 13, 78149106, 8173),
(65396626534, 'Leonor', 'feminino', '1971-08-22', 46, 55968117, 4194),
(65546978708, 'Paloma', 'feminino', '1974-11-12', 43, 76859821, 6634),
(66181755772, 'Catalin', 'masculino', '1990-03-12', 28, 49435196, 9783),
(66586525110, 'Yasmin', 'feminino', '1961-03-24', 57, 42186763, 8893),
(66657564406, 'Raquel', 'feminino', '1952-08-13', 65, 42257258, 7538),
(66715131201, 'Sara', 'feminino', '1951-09-14', 66, 80848055, 4571),
(66875773449, 'Maria', 'feminino', '1970-08-22', 47, 31781597, 4554),
(66878986478, 'Gustavo', 'masculino', '1969-02-23', 49, 86138411, 7971),
(66889457897, 'Mariana', 'feminino', '2004-06-13', 14, 42397875, 915),
(66959462800, 'Luana', 'feminino', '1992-06-12', 26, 70436016, 4507),
(67243691935, 'Antnio', 'masculino', '1968-03-24', 50, 89682561, 1226),
(67453684129, 'Leonor', 'feminino', '1956-12-15', 61, 12598995, 327),
(67895247891, 'Jos', 'masculino', '1983-10-14', 34, 66553012, 8159),
(68518833841, 'Gustavo', 'masculino', '2001-08-19', 16, 14332393, 2647),
(68554175158, 'Benedita', 'feminino', '1951-04-19', 67, 18873246, 500),
(68641684760, 'Miguel', 'masculino', '1951-08-27', 66, 8219913, 3376),
(68757217670, 'Patrcia', 'feminino', '1955-03-10', 63, 53175147, 3526),
(68969776982, 'Danyel', 'masculino', '2010-10-13', 7, 37864605, 56),
(69247879752, 'Rebeca', 'feminino', '1996-02-20', 22, 94058890, 1869),
(69267634291, 'Santiago', 'masculino', '1974-07-10', 44, 75155553, 7333),
(69516164420, 'Dante', 'masculino', '1984-02-16', 34, 66687590, 4179),
(69931599456, 'Beatriz', 'feminino', '1997-01-30', 21, 70657299, 5360),
(69948239628, 'Leonardo', 'masculino', '1974-12-22', 43, 10380551, 778),
(69988829558, 'Manuel', 'masculino', '1968-03-30', 50, 94009057, 7722),
(71482543702, 'Maria', 'feminino', '1955-01-15', 63, 39793482, 7904),
(71488527490, 'Matilde', 'feminino', '1994-10-11', 23, 16795309, 815),
(72167475934, 'Diego', 'masculino', '1974-11-30', 43, 68996282, 3249),
(72365951520, 'ris', 'feminino', '1955-12-13', 62, 86726800, 2320),
(72393743944, 'Gonalo', 'masculino', '1956-11-23', 61, 3547868, 8001),
(72428746456, 'Maria', 'feminino', '1993-11-23', 24, 24809871, 103),
(72546368923, 'Henrique', 'masculino', '1951-10-31', 66, 300851, 3683),
(72564158692, 'Carolina', 'feminino', '2007-06-14', 11, 26425851, 7106),
(72647592535, 'Henrique', 'masculino', '1956-04-24', 62, 2925082, 6139),
(72788791674, 'Eva', 'feminino', '2006-07-20', 11, 11233836, 1701),
(72823839100, 'Loureno', 'masculino', '1983-03-13', 35, 54489900, 2029),
(73233386974, 'Miguel', 'masculino', '1998-11-23', 19, 69398226, 755),
(73259177752, 'Tamara', 'feminino', '1955-04-23', 63, 26279605, 995),
(73351285795, 'Renato', 'masculino', '2007-09-17', 10, 60045452, 5101),
(73718233622, 'Martinho', 'masculino', '1970-06-26', 48, 40266325, 8434),
(74124299494, 'Matilde', 'feminino', '1961-12-15', 56, 87675339, 6960),
(74332119851, 'Willian', 'masculino', '1961-03-28', 57, 60418342, 2612),
(74393844157, 'Vitria', 'feminino', '1981-03-31', 37, 46090273, 2951),
(74584466920, 'Joo', 'masculino', '1994-11-28', 23, 99244638, 1824),
(74641845999, 'Maria', 'feminino', '1973-08-23', 44, 67478041, 3386),
(74684658279, 'Maria', 'feminino', '1968-09-15', 49, 8350878, 19),
(74777385639, 'Pedro', 'masculino', '1980-01-25', 38, 72191008, 506),
(75143747104, 'Catarina', 'feminino', '1989-10-17', 28, 65168603, 144),
(75215782954, 'Leonor', 'feminino', '2001-02-19', 17, 84593429, 287),
(75277451692, 'Mariana', 'feminino', '1953-07-17', 65, 74533488, 5586),
(75322756396, 'Maria', 'feminino', '2001-02-15', 17, 90911899, 2668),
(75344481667, 'Nicole', 'feminino', '1982-03-18', 36, 96597990, 3253),
(75429563960, 'Rafael', 'masculino', '1964-01-27', 54, 9599288, 9409),
(75434586832, 'Maria', 'feminino', '1951-02-19', 67, 91572479, 5082),
(75517519989, 'Maria', 'feminino', '1983-11-18', 34, 65333291, 2922),
(75623726402, 'Cristiano', 'masculino', '1973-05-29', 45, 29780551, 9788),
(75646878942, 'Duarte', 'masculino', '1997-11-21', 20, 45139157, 6451),
(75889164198, 'Isaac', 'masculino', '2000-05-30', 18, 98528457, 5594),
(76697268220, 'Leonardo', 'masculino', '1988-02-13', 30, 83255816, 4656),
(77152112819, 'David', 'masculino', '1952-10-27', 65, 28114025, 3346),
(77219122454, 'Duarte', 'masculino', '1977-03-30', 41, 77527446, 3501),
(77261584258, 'Rodrigo', 'masculino', '1952-11-27', 65, 226705, 6525),
(77292565417, 'Diego', 'masculino', '2002-09-18', 15, 17373079, 3671),
(77343674706, 'Letcia', 'feminino', '2008-10-19', 9, 20174674, 7942),
(77429829864, 'Duarte', 'masculino', '1988-02-14', 30, 29017075, 6393),
(77434759801, 'Ema', 'feminino', '1975-04-14', 43, 66339079, 8194),
(77516899356, 'Mariana', 'feminino', '1960-10-24', 57, 77581738, 3352),
(77552169346, 'Lara', 'feminino', '1982-07-13', 36, 36422678, 1135),
(77681558829, 'Gabriela', 'feminino', '1972-12-19', 45, 56038984, 7313),
(77824583660, 'Jesus', 'masculino', '1991-04-21', 27, 22319292, 8672),
(77915325574, 'Teresa', 'feminino', '1967-09-27', 50, 73519422, 9687),
(77967169905, 'Beatriz', 'feminino', '1950-02-24', 68, 44095573, 8712),
(77986792868, 'Samuel', 'masculino', '1958-12-26', 59, 98712971, 6298),
(78217146403, 'Cole', 'masculino', '1950-11-19', 67, 69370653, 9085),
(78773613517, 'Santiago', 'masculino', '1967-03-26', 51, 75214483, 1569),
(78781381840, 'Eros', 'masculino', '1966-03-19', 52, 48790565, 1194),
(78827141430, 'Valentim', 'masculino', '1993-12-10', 24, 79994628, 1586),
(78984347140, 'Clara', 'feminino', '1996-01-12', 22, 54030323, 5428),
(79488239646, 'Luana', 'feminino', '1984-05-29', 34, 76244084, 9559),
(79664811319, 'Santiago', 'masculino', '1982-05-21', 36, 60896801, 3123),
(79739899862, 'Francisca', 'feminino', '1951-05-19', 67, 49645643, 4072),
(79762679903, 'Beatriz', 'feminino', '1993-05-20', 25, 55144810, 9544),
(79787964342, 'Yara', 'feminino', '1955-02-28', 63, 85991019, 4499),
(79814211605, 'Toms', 'masculino', '1995-02-19', 23, 42062268, 6409),
(79957748858, 'Jos', 'masculino', '1954-09-11', 63, 87202578, 4332),
(81121549101, 'Rafael', 'masculino', '1954-10-16', 63, 52594575, 541),
(81699684618, 'Dinis', 'masculino', '1961-10-25', 56, 11116939, 9392),
(81772367176, 'Carminho', 'feminino', '1954-06-24', 64, 31393299, 6511),
(81772672726, 'Duarte', 'masculino', '1963-08-17', 54, 32149645, 3041),
(81978438567, 'Salvador', 'masculino', '1957-01-11', 61, 97529282, 7610),
(82248868910, 'Francisco', 'masculino', '1964-08-18', 53, 10408788, 6608),
(82327521220, 'Santiago', 'masculino', '2010-07-30', 7, 80675799, 4003),
(82445779758, 'Matilde', 'feminino', '1957-10-30', 60, 53056506, 4706),
(82484736940, 'Carolina', 'feminino', '2004-06-12', 14, 66858345, 4517),
(82485388695, 'Maria', 'feminino', '1969-11-18', 48, 43106241, 7241),
(82544613505, 'Lorena', 'feminino', '1993-12-29', 24, 66132542, 1641),
(82824323930, 'Miguel', 'masculino', '1960-05-19', 58, 37775156, 9251),
(82892378559, 'Loureno', 'masculino', '1959-10-11', 58, 81215028, 133),
(83139531605, 'Mariana', 'feminino', '1981-08-19', 36, 60323609, 8502),
(83164818203, 'Connor', 'masculino', '1963-01-13', 55, 16889825, 1742),
(83532676834, 'Giovanna', 'feminino', '1995-04-16', 23, 12500146, 4805),
(83547252784, 'Francisca', 'feminino', '2008-01-13', 10, 13706728, 1069),
(83575686106, 'Andr', 'masculino', '2009-06-23', 9, 10604607, 5065),
(83612442805, 'Joana', 'feminino', '2005-01-11', 13, 17979639, 7237),
(83667343400, 'Diego', 'masculino', '1967-09-26', 50, 46186899, 2425),
(83726211870, 'Ins', 'feminino', '1989-07-30', 28, 50973596, 4366),
(83833751231, 'Benjamim', 'masculino', '1981-07-23', 37, 4630393, 3347),
(84219716971, 'Jos', 'masculino', '2010-09-30', 7, 1803735, 8253),
(84237111458, 'Isabel', 'feminino', '1957-01-24', 61, 12764145, 4459),
(84747296883, 'Joana', 'feminino', '1957-06-17', 61, 60260505, 8753),
(84779442532, 'Guilherme', 'masculino', '2008-09-15', 9, 77147135, 1797),
(84834825507, 'Matilde', 'feminino', '1973-12-31', 44, 40189743, 6692),
(85211281500, 'Rafael', 'masculino', '1976-01-14', 42, 75672456, 1585),
(85244463667, 'Salvador', 'masculino', '1960-02-15', 58, 66224885, 289),
(85398197916, 'Vitria', 'feminino', '1962-05-11', 56, 86597716, 8043),
(85497921876, 'Miguel', 'masculino', '2010-09-18', 7, 16964276, 6431),
(85583952768, 'Jorge', 'masculino', '2007-09-23', 10, 92788452, 2041),
(85682583957, 'Maria', 'feminino', '1975-12-14', 42, 94791398, 6051),
(86142235526, 'Eduardo', 'masculino', '1984-07-11', 34, 24878000, 3377),
(86161162571, 'David', 'masculino', '1952-08-26', 65, 30641541, 8849),
(86339927955, 'Mariana', 'feminino', '1988-11-24', 29, 9222042, 639),
(86387199816, 'Clara', 'feminino', '1977-04-29', 41, 88227903, 1857),
(86479731514, 'Ana', 'feminino', '1963-04-29', 55, 93727454, 249),
(86636283661, 'Clara', 'feminino', '1977-12-31', 40, 99395290, 8802),
(86757722704, 'Matilde', 'feminino', '1962-07-11', 56, 66977541, 9398),
(86765325913, 'Martim', 'masculino', '1952-03-19', 66, 47427683, 5757),
(87163552106, 'Flor', 'feminino', '1989-02-13', 29, 64259914, 3800),
(87317188174, 'Ana', 'feminino', '1951-07-11', 67, 85770166, 3531),
(87431177402, 'Alice', 'feminino', '1987-03-19', 31, 64259136, 841),
(87546243203, 'Mara', 'feminino', '1959-05-19', 59, 27838265, 5383),
(87581272915, 'Loureno', 'masculino', '1996-07-30', 21, 82099058, 1829),
(87694635142, 'Carolina', 'feminino', '1978-11-17', 39, 69763010, 3413),
(87733948150, 'Guilherme', 'masculino', '1975-02-24', 43, 93159089, 6652),
(87765914251, 'Anna', 'feminino', '1985-04-20', 33, 58987302, 3782),
(87853115962, 'Rodrigo', 'masculino', '1970-02-19', 48, 74461660, 8489),
(88333934536, 'Luana', 'feminino', '2001-04-18', 17, 66687466, 7271),
(88355959914, 'Duarte', 'masculino', '1965-01-10', 53, 61488546, 380),
(88394952666, 'Mariana', 'feminino', '1996-09-26', 21, 95009445, 6374),
(88542541260, 'Ana', 'feminino', '1972-11-30', 45, 24045985, 6321),
(88783123393, 'Lara', 'feminino', '1951-01-28', 67, 27845738, 5040),
(88919135290, 'Vicente', 'masculino', '2002-05-20', 16, 87754029, 9966),
(89583679380, 'Aarya', 'feminino', '1976-04-16', 42, 67964571, 2635),
(89695711758, 'Maria', 'feminino', '1999-06-14', 19, 4327961, 4511),
(89771313754, 'Carolina', 'feminino', '1968-05-11', 50, 8359694, 9499),
(89845271499, 'Petra', 'feminino', '1972-11-24', 45, 87279758, 4401),
(91219451878, 'Toms', 'masculino', '2006-06-25', 12, 13089572, 1749),
(91527319369, 'Clara', 'feminino', '1967-06-20', 51, 56933555, 9291),
(91741318858, 'Anabia', 'feminino', '1968-07-17', 50, 26302612, 3684),
(91843897709, 'Catarina', 'feminino', '1971-08-15', 46, 64812400, 7514),
(92316172733, 'Maria', 'feminino', '1977-05-25', 41, 44597135, 2075),
(92379326770, 'Ins', 'feminino', '1967-10-22', 50, 58586698, 6961),
(92485115460, 'Matilde', 'feminino', '1995-07-13', 23, 55797328, 542),
(92725124921, 'Joana', 'feminino', '1985-07-10', 33, 1504443, 5601),
(92916167455, 'Toms', 'masculino', '1993-07-15', 25, 66268439, 1770),
(92966355603, 'Melnia', 'feminino', '1957-04-26', 61, 29416729, 9134),
(92978472502, 'Guilherme', 'masculino', '1968-07-14', 50, 43800678, 288),
(93347817508, 'Rodrigo', 'masculino', '1976-01-26', 42, 38931784, 5357),
(93391352884, 'Ins', 'feminino', '1986-06-20', 32, 21972141, 3988),
(93494872848, 'Ana', 'feminino', '1989-06-12', 29, 31147707, 7820),
(93542513660, 'Benedita', 'feminino', '1967-05-25', 51, 28761128, 5916),
(93846855189, 'Leonor', 'feminino', '2008-12-24', 9, 39601685, 574),
(93857269197, 'Lucas', 'masculino', '1967-03-23', 51, 87273981, 3941),
(94195948908, 'Joo', 'masculino', '2001-03-18', 17, 86796249, 5072),
(94225675807, 'Maria', 'feminino', '1982-10-23', 35, 1715840, 1524),
(94266959826, 'Maria', 'feminino', '1981-05-16', 37, 46642403, 4268),
(94566111245, 'Clara', 'feminino', '1980-10-28', 37, 10264674, 2990),
(94723673997, 'Toms', 'masculino', '2007-05-22', 11, 89278884, 2342),
(94743354781, 'Ana', 'feminino', '2005-05-22', 13, 92126575, 6527),
(94882559781, 'Miguel', 'masculino', '1968-06-28', 50, 18071278, 8263),
(94983752838, 'Matilde', 'feminino', '1987-02-20', 31, 2810979, 9459),
(94995791175, 'Madalena', 'feminino', '1967-06-25', 51, 60327505, 587),
(95144295754, 'Madalena', 'feminino', '2010-01-15', 8, 75533208, 267),
(95215429189, 'Isaac', 'masculino', '1954-11-13', 63, 2345377, 2792),
(95473755984, 'Maria', 'feminino', '1979-08-28', 38, 15836567, 296),
(95693855880, 'Dinis', 'masculino', '1979-03-15', 39, 25522979, 1945),
(95842435780, 'Dbora', 'feminino', '1974-01-10', 44, 40911592, 8024),
(95995777440, 'Ins', 'feminino', '2008-02-19', 10, 94602157, 9903),
(95998326121, 'Iara', 'feminino', '1962-12-21', 55, 58886951, 9072),
(96274857567, 'Duarte', 'masculino', '1973-04-13', 45, 95491013, 2040),
(96293719107, 'Jaime', 'masculino', '2002-04-17', 16, 76796183, 8325),
(96531985569, 'Carlo', 'masculino', '2000-06-21', 18, 49571624, 8282),
(96736997127, 'Leonor', 'feminino', '1958-08-20', 59, 98652354, 6758),
(96988996346, 'Emlia', 'feminino', '1990-08-29', 27, 25214040, 336),
(97156654110, 'Rafael', 'masculino', '1957-03-11', 61, 87767338, 2011),
(97593949524, 'Letcia', 'feminino', '1988-08-13', 29, 53249244, 4980),
(98174992359, 'Clarisse', 'feminino', '1954-07-15', 64, 14533868, 2660),
(98223839326, 'Joo', 'masculino', '1978-02-24', 40, 30794300, 9157),
(98374672820, 'Santiago', 'masculino', '1994-11-16', 23, 51202134, 6421),
(98619314300, 'Nara', 'feminino', '2010-06-12', 8, 38449859, 8040),
(98817187160, 'Dinis', 'masculino', '1977-05-12', 41, 42592439, 6351),
(98857687775, 'Layla', 'feminino', '1979-03-16', 39, 88651998, 8266),
(99146775501, 'Valria', 'feminino', '1960-04-18', 58, 61143812, 6733),
(99152541215, 'Henrique', 'masculino', '1995-03-25', 23, 40472276, 3589),
(99434821681, 'Miguel', 'masculino', '1981-06-18', 37, 91331504, 326),
(99545147164, 'Miriam', 'feminino', '1975-07-25', 43, 24078419, 3379),
(99556626549, 'Maria', 'feminino', '1998-09-10', 19, 97067332, 4704),
(99558771112, 'Frederico', 'masculino', '2007-04-19', 11, 80736156, 3715),
(99638965452, 'Lusa', 'feminino', '1961-08-10', 56, 6739900, 528),
(99923949788, 'Maria', 'feminino', '1999-02-20', 19, 15996229, 9435);

INSERT INTO `plano_fidelidade` (`cod_plano`, `tipo`, `dt_inicio`, `dt_fim`) VALUES
(7550826, 'comum', '2018-06-13', '2020-07-25'),
(26723976, 'comum', '2019-04-30', '2021-04-10'),
(35786666, 'professor', '2018-03-12', '2020-05-19'),
(82146642, 'comum', '2018-12-27', '2020-07-22'),
(92269830, 'comum', '2018-04-24', '2020-06-24'),
(100063533, 'comum', '2018-01-24', '2021-01-15'),
(127188624, 'comum', '2018-04-21', '2020-02-17'),
(148796698, 'comum', '2019-04-27', '2020-06-17'),
(229032597, 'comum', '2018-05-23', '2021-09-21'),
(245081704, 'professor', '2018-02-16', '2021-03-23'),
(255386248, 'comum', '2019-05-22', '2020-07-27'),
(263615828, 'professor', '2019-01-31', '2021-12-18'),
(263685000, 'comum', '2019-05-15', '2020-02-20'),
(316709958, 'comum', '2018-10-20', '2021-03-18'),
(350133912, 'comum', '2019-08-25', '2021-07-29'),
(350649427, 'professor', '2019-04-22', '2020-04-19'),
(376095749, 'comum', '2019-08-12', '2020-11-30'),
(386805165, 'comum', '2019-10-17', '2020-10-11'),
(392867236, 'comum', '2018-12-26', '2020-09-14'),
(432526304, 'comum', '2018-05-31', '2020-12-25'),
(441925957, 'comum', '2018-12-12', '2021-01-21'),
(444318501, 'comum', '2019-03-15', '2020-11-30'),
(454876614, 'professor', '2018-09-18', '2021-03-20'),
(469405198, 'comum', '2018-04-15', '2021-11-11'),
(479947308, 'comum', '2018-07-17', '2020-11-22'),
(484859786, 'comum', '2019-08-26', '2021-05-22'),
(545795437, 'comum', '2019-10-31', '2020-08-22'),
(583976889, 'comum', '2018-08-22', '2020-02-19'),
(608322639, 'professor', '2019-06-13', '2021-06-11'),
(673643055, 'professor', '2018-04-16', '2020-04-27'),
(680797408, 'comum', '2018-08-31', '2021-05-10'),
(704056400, 'comum', '2018-12-10', '2020-09-25'),
(756033934, 'comum', '2018-06-18', '2020-12-10'),
(765379551, 'comum', '2019-12-23', '2021-11-26'),
(771674281, 'comum', '2019-07-12', '2020-04-27'),
(773703338, 'professor', '2019-02-12', '2020-06-16'),
(788057195, 'comum', '2018-11-23', '2020-04-26'),
(815069909, 'comum', '2018-07-26', '2021-09-16'),
(836791429, 'comum', '2018-03-11', '2021-12-10'),
(868078280, 'professor', '2018-07-30', '2020-02-12'),
(889307049, 'professor', '2018-06-16', '2020-01-26'),
(942289664, 'comum', '2018-05-23', '2021-11-23'),
(953740788, 'professor', '2019-12-16', '2020-10-30'),
(985632984, 'comum', '2018-06-25', '2020-07-21'),
(1002658233, 'comum', '2019-09-22', '2020-10-24'),
(1010890843, 'comum', '2019-03-24', '2021-12-25'),
(1025210938, 'comum', '2018-02-25', '2020-03-28'),
(1035948410, 'comum', '2018-09-20', '2021-05-21'),
(1046468153, 'professor', '2018-02-23', '2020-12-23'),
(1168109726, 'comum', '2019-06-27', '2021-04-27'),
(1348789095, 'professor', '2019-07-22', '2020-06-28'),
(1362130084, 'comum', '2018-11-17', '2020-12-21'),
(1362646644, 'comum', '2018-06-19', '2020-06-22'),
(1374209458, 'comum', '2018-06-16', '2020-07-15'),
(1380794605, 'comum', '2019-12-11', '2020-06-27'),
(1383624000, 'comum', '2019-09-26', '2021-03-23'),
(1420635584, 'comum', '2019-07-23', '2020-07-22'),
(1452999937, 'comum', '2018-10-18', '2021-05-17'),
(1456332903, 'professor', '2018-03-14', '2021-12-27'),
(1458532049, 'comum', '2019-11-15', '2020-07-26'),
(1481666568, 'comum', '2019-04-15', '2020-12-20'),
(1488664931, 'professor', '2018-10-16', '2021-07-24'),
(1501770951, 'professor', '2018-05-27', '2020-02-13'),
(1535038636, 'comum', '2019-08-23', '2020-04-13'),
(1539984513, 'comum', '2019-01-14', '2021-08-29'),
(1558710544, 'comum', '2018-03-24', '2020-05-31'),
(1559308947, 'comum', '2019-10-21', '2021-02-18'),
(1614187043, 'comum', '2019-08-23', '2021-07-22'),
(1616649058, 'comum', '2018-09-26', '2020-12-11'),
(1631320513, 'comum', '2019-07-31', '2020-08-20'),
(1721666532, 'comum', '2018-05-23', '2020-06-15'),
(1740880073, 'comum', '2019-04-22', '2020-04-30'),
(1792429658, 'professor', '2019-03-13', '2020-04-28'),
(1805501622, 'comum', '2018-04-18', '2021-04-14'),
(1816637884, 'comum', '2019-11-13', '2020-02-27'),
(1820589316, 'professor', '2019-07-19', '2021-06-11'),
(1820867344, 'comum', '2018-04-27', '2020-01-12'),
(1821432286, 'comum', '2018-09-10', '2021-09-10'),
(1859581194, 'comum', '2019-08-21', '2020-03-15'),
(1888121711, 'comum', '2018-04-20', '2020-01-25'),
(1931008403, 'comum', '2019-09-17', '2021-09-30'),
(1984488739, 'comum', '2019-02-27', '2020-09-15'),
(1991646162, 'professor', '2018-04-28', '2020-05-15'),
(2039481602, 'comum', '2019-12-22', '2021-06-21'),
(2085301653, 'comum', '2019-04-27', '2021-04-24'),
(2093364972, 'comum', '2019-04-14', '2021-06-10'),
(2100025541, 'professor', '2019-11-11', '2021-07-20'),
(2161746666, 'comum', '2018-01-11', '2020-09-26'),
(2213122887, 'comum', '2019-01-30', '2020-02-16'),
(2289861902, 'comum', '2019-08-16', '2021-12-29'),
(2326311590, 'professor', '2018-08-23', '2020-02-10'),
(2334532230, 'comum', '2019-02-14', '2020-09-17'),
(2349959933, 'comum', '2019-02-20', '2020-11-12'),
(2371041659, 'comum', '2018-10-17', '2021-04-17'),
(2374733738, 'comum', '2018-09-14', '2020-02-24'),
(2383459979, 'comum', '2018-11-26', '2021-09-28'),
(2397042071, 'comum', '2019-07-30', '2021-03-11'),
(2464358486, 'comum', '2019-01-29', '2020-04-11'),
(2467938932, 'comum', '2018-09-21', '2021-05-26'),
(2470027127, 'comum', '2018-09-22', '2020-11-12'),
(2485508998, 'comum', '2019-04-26', '2021-01-10'),
(2541355680, 'comum', '2019-09-25', '2020-12-28'),
(2563992713, 'comum', '2019-04-29', '2020-09-12'),
(2582622059, 'comum', '2019-02-13', '2021-07-23'),
(2625839408, 'comum', '2018-08-28', '2020-10-19'),
(2689346823, 'professor', '2018-08-29', '2020-07-17'),
(2698808098, 'professor', '2019-12-18', '2020-10-21'),
(2731771395, 'comum', '2018-01-11', '2021-03-24'),
(2732140427, 'comum', '2018-01-26', '2021-08-16'),
(2749194131, 'professor', '2019-03-14', '2020-12-17'),
(2770609437, 'professor', '2019-05-21', '2021-07-28'),
(2854058375, 'comum', '2019-03-22', '2021-09-14'),
(2860737052, 'comum', '2018-07-17', '2020-08-16'),
(2868827160, 'comum', '2018-06-23', '2021-05-20'),
(2954610097, 'comum', '2018-05-25', '2021-10-30'),
(2960461863, 'comum', '2019-04-19', '2021-12-16'),
(2998632225, 'comum', '2018-08-10', '2020-01-16'),
(3014226160, 'comum', '2018-07-31', '2020-11-25'),
(3073911786, 'comum', '2018-08-10', '2021-01-27'),
(3087848511, 'professor', '2018-07-13', '2020-07-31'),
(3116211358, 'professor', '2018-08-19', '2021-06-12'),
(3141309268, 'comum', '2018-07-30', '2021-02-22'),
(3152374663, 'professor', '2018-04-22', '2021-10-11'),
(3185078362, 'comum', '2019-11-12', '2020-09-15'),
(3350875189, 'comum', '2019-03-23', '2020-03-30'),
(3387430269, 'comum', '2018-03-12', '2021-02-10'),
(3438225961, 'comum', '2018-08-30', '2020-10-10'),
(3497936800, 'comum', '2019-01-26', '2021-03-30'),
(3510921684, 'professor', '2018-09-22', '2020-04-25'),
(3512105271, 'comum', '2019-03-17', '2021-04-24'),
(3578549242, 'professor', '2019-09-28', '2020-01-22'),
(3612880504, 'comum', '2019-04-10', '2021-09-11'),
(3620813510, 'comum', '2018-05-12', '2021-03-15'),
(3642321297, 'professor', '2019-05-19', '2020-08-23'),
(3693473020, 'comum', '2019-03-10', '2021-06-25'),
(3724894808, 'comum', '2018-01-12', '2021-10-25'),
(3743353742, 'professor', '2019-01-19', '2021-04-30'),
(3753530528, 'comum', '2019-01-19', '2020-08-18'),
(3785928455, 'professor', '2019-05-19', '2021-08-29'),
(3842582400, 'professor', '2019-06-15', '2021-11-28'),
(3844742782, 'professor', '2018-05-19', '2020-06-30'),
(3847153131, 'comum', '2018-03-29', '2021-01-10'),
(3859510629, 'comum', '2018-03-10', '2021-03-11'),
(3888482333, 'comum', '2018-10-31', '2020-04-18'),
(3889290164, 'comum', '2018-04-28', '2021-10-18'),
(3890752809, 'comum', '2019-04-17', '2021-09-12'),
(3905780967, 'comum', '2019-11-22', '2021-08-26'),
(3913986534, 'comum', '2018-01-21', '2021-10-21'),
(3950188148, 'comum', '2019-01-15', '2021-06-14'),
(4053446960, 'comum', '2018-08-17', '2020-01-10'),
(4124550275, 'comum', '2019-10-13', '2021-05-11'),
(4129081201, 'comum', '2019-09-10', '2021-03-17'),
(4196168520, 'comum', '2019-02-25', '2020-05-29'),
(4202982867, 'comum', '2018-12-22', '2021-12-27'),
(4275099735, 'comum', '2018-09-14', '2020-06-25'),
(4342390187, 'professor', '2019-04-11', '2021-01-14'),
(4351078395, 'comum', '2018-11-13', '2021-09-16'),
(4389427656, 'comum', '2019-08-19', '2021-10-27'),
(4407959068, 'professor', '2018-07-16', '2021-07-30'),
(4408250470, 'comum', '2018-10-19', '2021-07-17'),
(4411990175, 'professor', '2018-10-12', '2020-07-10'),
(4425339939, 'comum', '2019-10-13', '2021-07-16'),
(4440800753, 'comum', '2018-12-23', '2021-07-23'),
(4464500838, 'professor', '2018-10-14', '2020-07-22'),
(4545683612, 'comum', '2018-09-12', '2021-06-13'),
(4569764610, 'professor', '2019-03-14', '2021-11-10'),
(4576939107, 'comum', '2018-02-19', '2020-10-14'),
(4610349382, 'comum', '2018-02-20', '2020-11-29'),
(4635178177, 'comum', '2018-11-21', '2020-11-16'),
(4645614065, 'professor', '2018-03-20', '2021-05-22'),
(4662788683, 'comum', '2018-09-20', '2020-09-26'),
(4662794028, 'comum', '2019-02-21', '2021-04-21'),
(4682587336, 'comum', '2018-08-14', '2020-06-27'),
(4689032640, 'comum', '2019-07-13', '2020-10-14'),
(4753026869, 'comum', '2019-11-10', '2020-05-11'),
(4771600687, 'comum', '2018-12-25', '2020-04-10'),
(4772840436, 'comum', '2019-08-24', '2020-04-30'),
(4814120764, 'comum', '2019-03-22', '2020-05-18'),
(4817972058, 'professor', '2019-09-23', '2020-04-15'),
(4835530471, 'comum', '2018-01-20', '2021-06-30'),
(4843970255, 'comum', '2018-09-16', '2021-04-24'),
(4848590654, 'comum', '2018-08-15', '2021-02-15'),
(4918614533, 'comum', '2018-10-31', '2020-12-17'),
(4923931663, 'comum', '2018-12-15', '2021-10-13'),
(4931869728, 'comum', '2019-07-20', '2020-03-20'),
(4959073158, 'professor', '2019-10-30', '2020-08-30'),
(4983977049, 'professor', '2018-06-23', '2021-05-31'),
(5046318092, 'comum', '2018-04-24', '2021-04-23'),
(5119757033, 'comum', '2019-10-15', '2020-10-22'),
(5130922666, 'comum', '2019-04-11', '2020-07-24'),
(5131873160, 'comum', '2018-07-14', '2020-05-19'),
(5137061884, 'professor', '2019-02-25', '2020-03-31'),
(5141294806, 'comum', '2019-06-15', '2021-12-14'),
(5151560891, 'comum', '2018-11-13', '2021-04-28'),
(5177270039, 'professor', '2018-07-28', '2021-06-27'),
(5204192814, 'comum', '2018-01-23', '2021-09-19'),
(5204611970, 'comum', '2019-08-30', '2020-11-17'),
(5213977615, 'comum', '2018-05-11', '2020-06-24'),
(5230190577, 'comum', '2018-12-19', '2020-01-11'),
(5245620448, 'comum', '2018-09-17', '2021-12-17'),
(5293250952, 'comum', '2018-12-27', '2021-01-27'),
(5326721370, 'professor', '2018-05-16', '2020-09-19'),
(5343265384, 'comum', '2018-09-29', '2021-12-25'),
(5370973116, 'comum', '2019-07-29', '2020-07-16'),
(5393213171, 'comum', '2019-06-27', '2020-12-23'),
(5440319853, 'comum', '2018-09-16', '2021-09-19'),
(5475203444, 'comum', '2018-06-13', '2021-03-19'),
(5478097184, 'comum', '2018-05-18', '2021-02-28'),
(5482097694, 'professor', '2018-02-21', '2020-12-15'),
(5482378781, 'comum', '2019-04-14', '2021-11-16'),
(5513864772, 'comum', '2018-12-14', '2021-08-22'),
(5515853623, 'professor', '2019-12-19', '2020-01-25'),
(5569047818, 'comum', '2019-08-31', '2020-03-21'),
(5586105850, 'comum', '2019-10-21', '2021-01-11'),
(5587696230, 'comum', '2019-05-14', '2020-12-22'),
(5615134088, 'professor', '2019-01-15', '2020-05-18'),
(5623937866, 'comum', '2018-10-22', '2020-03-27'),
(5638762813, 'comum', '2018-09-30', '2020-06-14'),
(5641376418, 'comum', '2019-11-28', '2020-04-27'),
(5644387971, 'comum', '2018-09-21', '2021-03-15'),
(5656400295, 'professor', '2018-12-13', '2021-11-11'),
(5678816831, 'comum', '2019-08-15', '2020-07-20'),
(5708498228, 'comum', '2018-02-21', '2021-12-25'),
(5708822342, 'comum', '2018-08-29', '2021-10-19'),
(5761865599, 'comum', '2018-03-17', '2021-02-19'),
(5793357978, 'comum', '2018-11-18', '2021-01-30'),
(5799369151, 'comum', '2018-09-28', '2020-03-27'),
(5800367123, 'professor', '2018-05-30', '2020-06-13'),
(5839951206, 'comum', '2018-05-17', '2021-10-16'),
(5856661685, 'comum', '2018-03-22', '2020-10-25'),
(5889214734, 'comum', '2018-12-18', '2021-11-24'),
(5920756694, 'comum', '2019-09-11', '2020-11-18'),
(5929928739, 'professor', '2018-01-15', '2021-05-12'),
(5937500666, 'professor', '2018-07-21', '2020-05-29'),
(6002751384, 'comum', '2018-02-18', '2020-06-22'),
(6026643114, 'professor', '2018-07-25', '2020-10-16'),
(6056346276, 'comum', '2019-02-22', '2021-12-21'),
(6067172820, 'professor', '2018-11-23', '2021-07-14'),
(6075048663, 'comum', '2018-08-29', '2021-02-10'),
(6146421060, 'comum', '2019-10-28', '2020-12-17'),
(6158562042, 'professor', '2019-11-19', '2020-04-25'),
(6235868777, 'comum', '2019-10-22', '2021-09-23'),
(6251775552, 'professor', '2019-07-28', '2021-09-16'),
(6315550201, 'comum', '2018-07-20', '2020-08-13'),
(6316991022, 'comum', '2019-08-31', '2020-02-17'),
(6333849020, 'comum', '2019-04-15', '2021-11-15'),
(6350330780, 'comum', '2019-07-26', '2021-08-12'),
(6356379569, 'comum', '2019-06-16', '2021-02-20'),
(6404615554, 'comum', '2018-01-15', '2021-04-19'),
(6411140519, 'professor', '2019-04-14', '2020-10-22'),
(6423445002, 'comum', '2018-02-23', '2020-03-12'),
(6475249810, 'comum', '2018-05-10', '2021-12-17'),
(6487152735, 'professor', '2019-06-11', '2020-05-10'),
(6496736486, 'comum', '2018-09-24', '2021-02-18'),
(6512459146, 'comum', '2018-05-21', '2020-07-12'),
(6525977161, 'comum', '2019-04-24', '2021-06-22'),
(6532392085, 'comum', '2019-10-28', '2020-10-13'),
(6534148562, 'comum', '2019-02-27', '2020-06-26'),
(6536176533, 'comum', '2019-01-28', '2021-07-11'),
(6612650524, 'professor', '2018-01-28', '2020-03-16'),
(6640833518, 'professor', '2019-09-15', '2020-05-14'),
(6641855738, 'comum', '2018-06-21', '2021-05-21'),
(6664630265, 'professor', '2018-10-27', '2020-02-20'),
(6678512816, 'professor', '2019-12-16', '2021-07-12'),
(6686836642, 'comum', '2019-09-21', '2021-07-22'),
(6709622668, 'professor', '2019-06-18', '2021-06-30'),
(6721595877, 'comum', '2019-08-11', '2021-03-15'),
(6727077628, 'professor', '2019-06-11', '2020-02-23'),
(6730803812, 'professor', '2019-11-11', '2021-12-11'),
(6732850689, 'comum', '2019-01-24', '2021-02-11'),
(6751217008, 'comum', '2019-08-26', '2020-09-18'),
(6753148793, 'comum', '2018-08-14', '2020-10-30'),
(6795047733, 'comum', '2018-01-17', '2020-05-15'),
(6815311038, 'comum', '2018-06-20', '2020-07-11'),
(6816938503, 'comum', '2019-07-22', '2020-03-27'),
(6839546012, 'professor', '2019-07-22', '2020-09-28'),
(6951002541, 'professor', '2018-02-26', '2020-08-27'),
(6987881502, 'comum', '2018-06-16', '2021-10-26'),
(6998894256, 'professor', '2018-10-12', '2020-10-15'),
(7007320369, 'comum', '2019-09-28', '2021-01-29'),
(7022771013, 'comum', '2018-11-18', '2020-10-27'),
(7030348615, 'comum', '2019-10-22', '2021-01-24'),
(7119808905, 'comum', '2018-03-18', '2021-10-18'),
(7126964747, 'comum', '2018-07-12', '2020-08-28'),
(7185386673, 'comum', '2018-11-20', '2021-07-11'),
(7321255973, 'comum', '2018-09-30', '2020-09-28'),
(7334430101, 'comum', '2019-04-30', '2021-09-25'),
(7337634710, 'comum', '2018-03-24', '2021-06-23'),
(7338419850, 'comum', '2018-03-10', '2021-03-30'),
(7346891071, 'professor', '2019-12-21', '2020-04-24'),
(7373277463, 'comum', '2019-09-10', '2021-02-13'),
(7393197892, 'comum', '2018-06-27', '2021-04-10'),
(7410130682, 'comum', '2018-07-16', '2021-12-17'),
(7413575828, 'comum', '2019-07-12', '2021-05-16'),
(7422038216, 'comum', '2019-09-23', '2021-11-17'),
(7480950090, 'professor', '2018-10-27', '2020-11-15'),
(7482431931, 'comum', '2019-09-14', '2020-12-12'),
(7543776966, 'comum', '2019-07-27', '2021-10-24'),
(7557175311, 'professor', '2018-07-31', '2020-11-21'),
(7581607685, 'comum', '2018-02-18', '2020-12-14'),
(7591856254, 'comum', '2018-06-26', '2021-03-13'),
(7592569024, 'comum', '2019-08-18', '2020-11-17'),
(7602134479, 'comum', '2018-11-10', '2020-02-11'),
(7623730709, 'comum', '2019-10-23', '2021-05-26'),
(7683952506, 'comum', '2019-05-27', '2020-06-19'),
(7688187251, 'comum', '2019-01-15', '2021-07-11'),
(7737743810, 'comum', '2018-05-16', '2021-04-28'),
(7739901310, 'comum', '2018-12-31', '2021-03-18'),
(7756225306, 'comum', '2018-11-17', '2021-05-11'),
(7757215930, 'comum', '2019-01-28', '2020-09-18'),
(7826905290, 'comum', '2019-02-11', '2020-03-18'),
(7846452708, 'comum', '2018-09-12', '2020-11-10'),
(7860485168, 'professor', '2018-07-27', '2020-01-16'),
(7909325889, 'comum', '2019-02-14', '2021-12-20'),
(7931393501, 'comum', '2018-05-20', '2021-02-12'),
(7931923903, 'professor', '2019-11-18', '2021-12-15'),
(7947439637, 'comum', '2018-11-29', '2020-11-13'),
(7948814020, 'comum', '2019-03-26', '2020-07-30'),
(7991994829, 'comum', '2018-01-24', '2021-03-23'),
(8007212707, 'comum', '2018-11-26', '2021-08-12'),
(8037131901, 'comum', '2018-10-12', '2020-12-29'),
(8080166231, 'comum', '2019-05-21', '2021-09-14'),
(8101733308, 'comum', '2018-05-14', '2021-03-26'),
(8107864428, 'comum', '2019-11-26', '2021-04-25'),
(8154980302, 'comum', '2019-02-16', '2020-07-14'),
(8182855625, 'comum', '2018-12-14', '2020-01-25'),
(8200511562, 'comum', '2019-05-24', '2020-10-17'),
(8243770273, 'professor', '2019-08-23', '2020-04-30'),
(8281215420, 'comum', '2019-03-22', '2021-05-28'),
(8307298706, 'professor', '2018-05-27', '2021-03-10'),
(8325680587, 'comum', '2019-10-13', '2020-10-19'),
(8345566510, 'comum', '2018-12-25', '2021-06-21'),
(8407733990, 'comum', '2018-03-15', '2020-01-18'),
(8408021095, 'comum', '2019-10-26', '2021-11-22'),
(8430500638, 'comum', '2018-08-27', '2021-06-30'),
(8446721972, 'comum', '2018-10-18', '2020-05-28'),
(8530558336, 'professor', '2019-05-24', '2021-07-30'),
(8533430122, 'comum', '2019-03-22', '2020-11-18'),
(8546336558, 'comum', '2018-06-28', '2021-11-17'),
(8564257759, 'comum', '2019-02-15', '2021-06-17'),
(8600224403, 'professor', '2019-09-19', '2021-02-26'),
(8616020528, 'comum', '2019-12-24', '2020-10-24'),
(8629206500, 'comum', '2018-01-14', '2021-11-27'),
(8655275777, 'comum', '2018-03-19', '2020-05-18'),
(8675694943, 'comum', '2018-05-27', '2021-06-12'),
(8692876703, 'comum', '2019-10-23', '2020-10-11'),
(8720203288, 'comum', '2019-02-25', '2020-07-29'),
(8721105966, 'comum', '2018-02-26', '2020-01-21'),
(8723727814, 'comum', '2018-08-29', '2020-12-21'),
(8723946919, 'comum', '2019-03-21', '2021-04-18'),
(8757050291, 'professor', '2018-04-25', '2021-06-23'),
(8758180583, 'comum', '2018-10-15', '2021-08-13'),
(8780108040, 'professor', '2018-04-23', '2020-08-20'),
(8789442887, 'comum', '2019-10-21', '2021-05-14'),
(8838421737, 'comum', '2018-04-18', '2021-12-11'),
(8860929417, 'comum', '2019-06-26', '2020-01-23'),
(8874558452, 'comum', '2018-11-14', '2021-11-19'),
(8881631477, 'comum', '2019-12-27', '2021-03-18'),
(8919966688, 'comum', '2018-02-25', '2020-01-12'),
(8945263319, 'comum', '2019-04-27', '2020-10-22'),
(8959404325, 'comum', '2019-02-27', '2020-12-11'),
(9017215764, 'comum', '2019-06-19', '2021-07-12'),
(9022111052, 'comum', '2019-11-20', '2021-02-17'),
(9043094595, 'comum', '2019-08-21', '2020-10-28'),
(9112021853, 'comum', '2019-01-24', '2021-05-26'),
(9112575859, 'comum', '2019-05-24', '2021-09-10'),
(9125385005, 'comum', '2019-09-30', '2021-07-16'),
(9131399167, 'comum', '2019-04-29', '2021-08-19'),
(9220164292, 'professor', '2019-04-19', '2021-09-27'),
(9229815031, 'professor', '2018-10-25', '2020-06-13'),
(9248407709, 'comum', '2018-05-11', '2020-08-17'),
(9291959235, 'comum', '2018-11-14', '2020-11-15'),
(9320019951, 'professor', '2019-06-29', '2020-10-24'),
(9322354269, 'comum', '2019-12-20', '2020-09-16'),
(9330759157, 'comum', '2018-01-17', '2020-03-17'),
(9344172189, 'comum', '2019-04-25', '2021-10-26'),
(9387059612, 'comum', '2018-10-11', '2020-05-17'),
(9394493836, 'comum', '2018-03-27', '2020-12-31'),
(9403461071, 'comum', '2019-10-27', '2021-09-11'),
(9446430460, 'comum', '2018-05-22', '2020-11-27'),
(9452890141, 'professor', '2018-08-12', '2021-09-16'),
(9475469125, 'comum', '2019-03-15', '2020-09-28'),
(9493500804, 'comum', '2019-03-18', '2020-01-16'),
(9496076968, 'comum', '2019-10-24', '2021-05-30'),
(9510657310, 'professor', '2018-08-29', '2020-01-25'),
(9521963379, 'professor', '2019-11-18', '2020-08-11'),
(9529363452, 'comum', '2019-10-20', '2020-10-18'),
(9541289594, 'comum', '2019-04-11', '2020-02-10'),
(9544906127, 'comum', '2018-03-14', '2021-10-13'),
(9581551714, 'professor', '2018-06-30', '2020-01-15'),
(9619645034, 'comum', '2018-05-17', '2021-08-17'),
(9670826403, 'comum', '2018-04-25', '2021-02-12'),
(9677521139, 'comum', '2019-06-14', '2021-08-19'),
(9717916033, 'comum', '2018-10-14', '2020-07-12'),
(9721757986, 'professor', '2019-11-28', '2021-06-30'),
(9749573215, 'comum', '2018-08-19', '2020-10-18'),
(9775838749, 'professor', '2019-03-11', '2020-04-13'),
(9785167551, 'comum', '2018-11-30', '2020-10-31'),
(9802564932, 'professor', '2019-11-12', '2021-03-31'),
(9826440201, 'professor', '2018-04-21', '2021-06-15'),
(9847544529, 'comum', '2019-10-14', '2020-05-21'),
(9853490784, 'comum', '2018-12-14', '2020-08-10'),
(9887775331, 'professor', '2019-04-30', '2021-07-24'),
(9903537426, 'professor', '2019-01-29', '2021-05-16'),
(9905205990, 'comum', '2018-06-23', '2020-11-22'),
(9956796451, 'comum', '2018-01-20', '2021-04-14'),
(9964326394, 'comum', '2019-05-14', '2020-09-12'),
(9970275522, 'comum', '2018-03-27', '2020-01-18'),
(9978075779, 'comum', '2018-05-16', '2020-09-25'),
(9978234018, 'comum', '2019-05-31', '2021-07-21');

INSERT INTO `produto_ref` (`cod_produto`, `preco`, `desc_produto`, `preco_fornecedor`, `cod_barra`, `cnpj_fornecedor`, `marca`) VALUES
(114339635, 21.93, 'Livro', 14.61, 164290358312428, 81246624000195, ''),
(130191017, 42.26, 'Livro', 31.39, 533512026304379, 29886987000175, ''),
(159663631, 36.22, 'Livro', 25.95, 37687639705837, 69226607000190, ''),
(249089257, 56.92, 'Livro', 29.01, 577771904179826, 19689661000102, ''),
(277398727, 18.51, 'Livro', 16.51, 619567065034062, 69226607000190, ''),
(345096647, 59.68, 'Livro', 40.17, 693533801473677, 81246624000195, ''),
(507243849, 40.59, 'Livro', 30.52, 91096883406863, 49052514000180, ''),
(606748565, 53.63, 'Livro', 15.1, 25997342541814, 97521939000133, ''),
(637491683, 26.08, 'Livro', 11.68, 681603132979944, 481745000110, ''),
(763991424, 18.69, 'Livro', 10.57, 893993533914908, 481745000110, ''),
(998761815, 34.47, 'Livro', 34.31, 226964998524636, 481745000110, ''),
(1029746000, 21.35, 'Livro', 11.54, 65089820418507, 19689661000102, ''),
(1034950382, 56.04, 'Livro', 38.26, 779051959980279, 97521939000133, ''),
(1394688986, 42.39, 'Livro', 32.55, 368568145902828, 481745000110, ''),
(1454605312, 36.99, 'Livro', 11.85, 628523629624396, 26606945000145, ''),
(1697423549, 50.72, 'Livro', 23.2, 624439637642354, 29886987000175, ''),
(2012386474, 23.75, 'Livro', 15.58, 536559930536896, 481745000110, ''),
(2096072620, 20.49, 'Livro', 19.32, 890194854931906, 97521939000133, ''),
(2144431274, 35.12, 'Livro', 23.62, 739036130020395, 97521939000133, ''),
(2150346567, 38.98, 'Livro', 23.81, 568033708259463, 26606945000145, ''),
(2201112483, 40.56, 'Livro', 18.65, 423529626103118, 38692811000173, ''),
(2463156001, 16.78, 'Livro', 14.61, 673768995329738, 26606945000145, ''),
(2467537180, 58.89, 'Livro', 35.13, 264993670629338, 69226607000190, ''),
(2529287909, 38.58, 'Livro', 30.76, 595609044190496, 97521939000133, ''),
(2659269404, 26.2, 'Livro', 15.08, 784170188708231, 26606945000145, ''),
(2820775232, 34.72, 'Livro', 33.06, 854068711865693, 26606945000145, ''),
(2894209931, 39.77, 'Livro', 16.12, 484573710011318, 26606945000145, ''),
(3014901660, 23.17, 'Livro', 14.41, 923532414948567, 19689661000102, ''),
(3128874332, 35.47, 'Livro', 15.05, 324841478839517, 97521939000133, ''),
(3234972162, 55.91, 'Livro', 34.36, 740179101703688, 481745000110, ''),
(3325507369, 44.59, 'Livro', 37.09, 209833573549986, 97521939000133, ''),
(3620244784, 52.11, 'Livro', 11.18, 986705222399905, 29886987000175, ''),
(3736929495, 15.36, 'Livro', 11.72, 865825851680711, 19689661000102, ''),
(3851230370, 32.2, 'Livro', 15.07, 824664237210527, 97521939000133, ''),
(4002561367, 44.57, 'Livro', 10.53, 569171357434243, 81246624000195, ''),
(4018199984, 33.13, 'Livro', 18.6, 818723191041499, 29886987000175, ''),
(4093225349, 43.04, 'Livro', 35.28, 380098277935758, 81246624000195, ''),
(4096567961, 36.07, 'Livro', 10.56, 364932393189520, 26606945000145, ''),
(4104736960, 40.71, 'Livro', 11.13, 488481184467673, 81246624000195, ''),
(4125623931, 39.52, 'Livro', 23.36, 459934312850237, 19689661000102, ''),
(4284030867, 21.58, 'Livro', 15.97, 553157556103542, 82802742000103, ''),
(4294952774, 16.05, 'Livro', 15.58, 988206102279946, 26606945000145, ''),
(4350170223, 34.7, 'Livro', 18.89, 371823272434995, 81246624000195, ''),
(4384847358, 27.97, 'Livro', 22.74, 783562619471922, 29886987000175, ''),
(4459161740, 29.2, 'Livro', 23.93, 147431429242716, 481745000110, ''),
(4497251012, 30.18, 'Livro', 10.54, 446357962675393, 26606945000145, ''),
(4541525159, 15.95, 'Livro', 12.91, 243833564221859, 481745000110, ''),
(4571183370, 23, 'Livro', 16.17, 507205155445263, 19689661000102, ''),
(4770732918, 40, 'Livro', 34.14, 944444591645151, 82802742000103, ''),
(4863178057, 30.46, 'Livro', 22.37, 822759130736813, 81246624000195, ''),
(4915435086, 16.37, 'Livro', 10.51, 139484354760498, 82802742000103, ''),
(4992205258, 18.79, 'Livro', 16.83, 312001991551370, 49052514000180, ''),
(5370924158, 53.19, 'Livro', 50.91, 593950206413865, 481745000110, ''),
(5555856710, 37.65, 'Livro', 11.54, 949606269598007, 19689661000102, ''),
(5669600572, 33.46, 'Livro', 19.81, 456449443707243, 82802742000103, ''),
(5907684085, 51.56, 'Livro', 45.9, 805570307420566, 26606945000145, ''),
(6143140348, 46.9, 'Livro', 29.59, 654631761135533, 97521939000133, ''),
(6200949156, 43.58, 'Livro', 20.25, 383614130550996, 81246624000195, ''),
(6242390631, 37.43, 'Livro', 35.31, 627326939254999, 19689661000102, ''),
(6259134046, 34.49, 'Livro', 16.46, 160274697234854, 19689661000102, ''),
(6591049703, 19.43, 'Livro', 18.08, 254773751599714, 82802742000103, ''),
(6779293765, 20.66, 'Livro', 17.63, 58433134341613, 481745000110, ''),
(6915360237, 58.01, 'Livro', 52.29, 413867758819834, 97521939000133, ''),
(7079258966, 56.35, 'Livro', 36.04, 378575800685212, 69226607000190, ''),
(7316064667, 22.91, 'Livro', 12.03, 511649398133159, 82802742000103, ''),
(7334322007, 38.3, 'Livro', 37.85, 215938398381695, 49052514000180, ''),
(7364378948, 56.11, 'Livro', 43.63, 981320079648867, 26606945000145, ''),
(7525207938, 26.9, 'Livro', 20.84, 732354343403131, 69226607000190, ''),
(7579428518, 50.89, 'Livro', 34.67, 442795741837472, 69226607000190, ''),
(7678191389, 17.63, 'Livro', 14.84, 843188227154314, 49052514000180, ''),
(7818250395, 25.81, 'Livro', 20.53, 364979030797258, 19689661000102, ''),
(7820203346, 41.42, 'Livro', 40.59, 15371182002128, 481745000110, ''),
(7840654547, 18.66, 'Livro', 15.95, 118950214702636, 19689661000102, ''),
(7912793441, 59, 'Livro', 17.01, 844862824073061, 69226607000190, ''),
(7998509369, 37.02, 'Livro', 17.93, 942697939695790, 26606945000145, ''),
(8167501671, 35.42, 'Livro', 28.71, 740334726404399, 38692811000173, ''),
(8207616820, 28.31, 'Livro', 25.45, 698930788086727, 82802742000103, ''),
(8280300127, 15.94, 'Livro', 15.48, 57006840128452, 38692811000173, ''),
(8378147336, 30.97, 'Livro', 10.24, 268297520233318, 81246624000195, ''),
(8465118766, 15.09, 'Livro', 11.75, 73448724579066, 19689661000102, ''),
(8625073121, 51.28, 'Livro', 36.76, 5103108007461, 38692811000173, ''),
(8983226209, 35.09, 'Livro', 29.75, 557820347603410, 49052514000180, ''),
(9203626015, 23.04, 'Livro', 22.5, 300641015637666, 19689661000102, ''),
(9286801063, 42.26, 'Livro', 31.21, 393171251751483, 82802742000103, ''),
(9379460136, 19.69, 'Livro', 13.23, 961686630034819, 81246624000195, ''),
(9449319616, 35.65, 'Livro', 20.88, 636384054087102, 29886987000175, ''),
(9458696574, 19.31, 'Livro', 14.04, 278931813081727, 69226607000190, ''),
(9546996562, 34.83, 'Livro', 30.62, 597614368423820, 38692811000173, ''),
(9555586644, 23.57, 'Livro', 23.29, 572398769436404, 69226607000190, ''),
(9561419659, 20.59, 'Livro', 19.31, 637418696191162, 49052514000180, ''),
(9581012805, 47.65, 'Livro', 32.75, 496989844832569, 69226607000190, ''),
(9625297493, 45.15, 'Livro', 20.86, 256100439000875, 69226607000190, ''),
(9626736305, 36.87, 'Livro', 14.87, 299773875623942, 481745000110, ''),
(9630744822, 23.26, 'Livro', 19.22, 738520204322412, 97521939000133, ''),
(9692839675, 29.48, 'Livro', 13.53, 420721371425316, 26606945000145, ''),
(9756805663, 53.23, 'Livro', 15.97, 780454079853371, 26606945000145, ''),
(9771908575, 38.5, 'Livro', 26.19, 819396676495671, 481745000110, ''),
(9939799201, 24.35, 'Livro', 15.12, 721423519076779, 69226607000190, ''),
(9955930099, 18.62, 'Livro', 17, 629314229357988, 81246624000195, ''),
(9998071508, 26.41, 'Livro', 19.65, 280205276329071, 26606945000145, '');

INSERT INTO `vendedor` (`cpf`) VALUES
(14646686392),
(15956573805),
(19278862606),
(23127345593),
(24268219145),
(26637917923),
(27148969360),
(28287362709),
(28395643780),
(28615847690),
(28843125796),
(33554535605),
(37152499861),
(37511653987),
(37659934171),
(41346496412),
(43293839770),
(43799586989),
(44834175502),
(45689415634),
(48221937649),
(48251681596),
(52735246795),
(53619991138),
(54619819921),
(55349247808),
(56934717210),
(56963631212),
(63712518480),
(65194884451),
(66181755772),
(67453684129),
(69931599456),
(72546368923),
(72647592535),
(77986792868),
(78217146403),
(78827141430),
(79664811319),
(83139531605),
(83726211870),
(85682583957),
(87317188174),
(88355959914),
(89695711758),
(89845271499),
(92316172733),
(92379326770),
(94225675807),
(98223839326);
